id,genre
14626, comedy 
11338, drama 
15465, comedy 
13496, documentary 
13912, comedy 
10144, drama 
11580, documentary 
11149, comedy 
10436, drama 
12854, short 
12690, documentary 
10161, drama 
11191, short 
13665, drama 
13300, drama 
13861, documentary 
14743, drama 
13262, documentary 
11055, short 
12839, comedy 
11824, comedy 
10693, drama 
14112, documentary 
10020, drama 
15144, short 
14113, drama 
11619, documentary 
14277, comedy 
13440, short 
11795, documentary 
15827, documentary 
12763, short 
11546, short 
10345, comedy 
12350, documentary 
14046, comedy 
13121, short 
10023, documentary 
15071, documentary 
10647, short 
12362, comedy 
14025, documentary 
11876, short 
11415, short 
14213, documentary 
11884, short 
11852, comedy 
13828, documentary 
15525, drama 
10355, documentary 
13035, documentary 
13245, drama 
10398, drama 
13836, comedy 
12115, drama 
10305, documentary 
14995, short 
11397, documentary 
14749, documentary 
13952, comedy 
10573, short 
14660, documentary 
10562, drama 
14002, short 
15635, documentary 
11277, drama 
11418, documentary 
13460, short 
14040, documentary 
13929, documentary 
14115, comedy 
15643, comedy 
10655, short 
12181, short 
10248, short 
10003, drama 
11535, drama 
13296, drama 
15851, drama 
15967, documentary 
11519, drama 
15082, short 
15609, drama 
14599, drama 
15238, drama 
15098, short 
10545, drama 
15468, documentary 
11549, drama 
15772, comedy 
13577, drama 
14880, documentary 
15109, documentary 
13622, comedy 
11603, drama 
14683, documentary 
15177, drama 
14533, short 
10951, comedy 
14646, comedy 
14461, short 
14655, documentary 
14960, short 
14309, comedy 
12324, documentary 
15768, drama 
12931, documentary 
14405, short 
14890, documentary 
13377, short 
11646, comedy 
11892, drama 
12010, documentary 
10070, documentary 
13029, comedy 
11395, short 
14402, drama 
13878, documentary 
13963, comedy 
12424, comedy 
14665, documentary 
12407, comedy 
14492, short 
13384, documentary 
13235, comedy 
10671, short 
12604, comedy 
12080, documentary 
11249, comedy 
12871, comedy 
10726, short 
12244, short 
15423, comedy 
11061, documentary 
12195, comedy 
12863, documentary 
14442, short 
10026, short 
10686, drama 
12464, documentary 
13647, comedy 
14027, short 
10875, short 
12539, drama 
14936, comedy 
11116, documentary 
12077, drama 
10327, comedy 
12064, documentary 
10025, documentary 
10450, drama 
13892, short 
10797, comedy 
12774, drama 
10405, drama 
13971, comedy 
15575, drama 
13801, comedy 
11689, short 
10738, comedy 
10229, drama 
13709, documentary 
14920, comedy 
12709, comedy 
13693, comedy 
12020, short 
15980, comedy 
10468, comedy 
10754, short 
12930, short 
15300, documentary 
15895, comedy 
13438, short 
11834, comedy 
10610, comedy 
10764, drama 
12150, comedy 
12667, documentary 
13991, documentary 
14219, documentary 
15499, documentary 
10066, comedy 
15218, documentary 
11176, drama 
11430, comedy 
15119, drama 
12575, drama 
14842, short 
10452, comedy 
12009, documentary 
13136, drama 
15791, short 
11667, drama 
14913, drama 
15563, documentary 
15755, drama 
14624, drama 
15327, short 
14208, short 
11419, documentary 
15176, comedy 
10018, documentary 
14214, short 
12834, drama 
14328, drama 
13937, comedy 
14664, drama 
11648, short 
12241, documentary 
10936, comedy 
13980, documentary 
13609, drama 
12179, documentary 
14501, drama 
15226, comedy 
14473, documentary 
15763, short 
12793, drama 
11601, drama 
14018, comedy 
13864, drama 
13610, drama 
10921, documentary 
14739, comedy 
14543, drama 
12517, drama 
10978, drama 
10574, comedy 
14068, short 
10816, documentary 
13932, short 
13608, drama 
14087, drama 
11950, comedy 
14150, drama 
13666, drama 
13523, documentary 
10950, comedy 
12524, drama 
11101, short 
10611, drama 
14586, comedy 
14589, comedy 
11581, comedy 
11920, comedy 
14368, documentary 
13023, drama 
12924, comedy 
13007, drama 
12026, short 
12042, drama 
15420, comedy 
11837, comedy 
11335, documentary 
11553, comedy 
14263, drama 
15960, documentary 
15412, comedy 
13070, drama 
12253, short 
12212, comedy 
15782, comedy 
11023, comedy 
14814, drama 
10330, comedy 
14693, documentary 
12827, documentary 
14656, documentary 
11750, comedy 
11201, drama 
15584, documentary 
13476, short 
12174, comedy 
11008, documentary 
12087, documentary 
12282, drama 
10313, drama 
15997, comedy 
12274, comedy 
11224, comedy 
12850, documentary 
14287, documentary 
12799, short 
13984, documentary 
14296, documentary 
11315, documentary 
11830, drama 
14122, documentary 
11888, drama 
11188, comedy 
13934, comedy 
12178, documentary 
14682, documentary 
12329, documentary 
13870, drama 
15431, comedy 
10817, documentary 
15128, short 
11707, drama 
11682, comedy 
14790, drama 
13827, short 
13964, short 
13389, short 
11621, drama 
10151, documentary 
13105, documentary 
11891, documentary 
12380, comedy 
14171, documentary 
12127, drama 
14698, documentary 
10517, short 
14538, comedy 
12821, documentary 
13628, documentary 
12744, comedy 
11015, drama 
12429, drama 
14432, short 
10730, drama 
12766, short 
12776, short 
12313, drama 
10433, comedy 
13182, documentary 
15702, drama 
12465, documentary 
15712, documentary 
14444, drama 
11962, drama 
15597, comedy 
15105, comedy 
10476, short 
14719, drama 
10478, short 
14639, documentary 
15542, documentary 
15367, comedy 
11749, comedy 
15302, short 
14080, drama 
14007, short 
10202, short 
12718, comedy 
15472, documentary 
11254, documentary 
13078, short 
14681, drama 
14875, documentary 
14585, short 
10428, drama 
13155, comedy 
10258, drama 
11542, documentary 
15150, documentary 
14584, documentary 
14800, documentary 
12890, comedy 
12916, short 
11270, comedy 
13163, short 
13951, documentary 
11552, documentary 
12275, comedy 
15024, comedy 
14750, documentary 
15812, documentary 
12607, comedy 
10627, drama 
11200, short 
10572, drama 
14505, documentary 
12740, drama 
15847, drama 
10230, documentary 
10481, drama 
14632, drama 
15088, drama 
15399, drama 
12722, drama 
10550, documentary 
11594, documentary 
13830, comedy 
15294, documentary 
14571, drama 
14392, short 
13158, documentary 
13380, documentary 
13092, short 
10678, comedy 
12657, documentary 
13712, comedy 
13744, short 
15106, short 
10633, short 
13397, short 
15257, documentary 
15002, drama 
11172, comedy 
12234, documentary 
11805, documentary 
13352, comedy 
11136, drama 
14669, documentary 
15227, drama 
15211, short 
15732, documentary 
11889, comedy 
12055, comedy 
12199, drama 
10150, comedy 
12051, documentary 
10512, drama 
14088, comedy 
12300, comedy 
15853, documentary 
10354, documentary 
13280, documentary 
10096, documentary 
11067, short 
15417, drama 
11349, documentary 
14840, documentary 
10266, documentary 
12765, documentary 
11502, short 
14199, drama 
10409, documentary 
10353, comedy 
15190, comedy 
12505, documentary 
10211, documentary 
14157, comedy 
12726, documentary 
13507, drama 
11591, drama 
13763, documentary 
11597, documentary 
14137, comedy 
12809, documentary 
11907, short 
12029, drama 
11177, drama 
14874, comedy 
10413, documentary 
14339, short 
14314, documentary 
11354, documentary 
10934, documentary 
10899, short 
13972, short 
15359, short 
15047, comedy 
14690, comedy 
15483, drama 
10343, drama 
12059, comedy 
13490, comedy 
15406, drama 
12011, drama 
14778, comedy 
15547, documentary 
10043, drama 
11226, comedy 
13616, documentary 
11431, drama 
10382, drama 
15898, comedy 
13034, drama 
14305, short 
13760, comedy 
15183, drama 
12208, documentary 
11898, drama 
13131, documentary 
14176, documentary 
11799, drama 
10609, short 
11844, drama 
11433, documentary 
14144, comedy 
11985, comedy 
15514, short 
10524, comedy 
13590, drama 
10882, drama 
14696, drama 
10126, documentary 
15528, comedy 
12239, drama 
12636, short 
15380, documentary 
10390, drama 
10886, documentary 
10956, comedy 
15175, comedy 
15283, drama 
11190, drama 
12216, short 
15537, drama 
11412, documentary 
14520, drama 
13143, documentary 
15534, drama 
12944, comedy 
10073, documentary 
14670, drama 
15100, drama 
11293, drama 
13663, comedy 
13520, comedy 
12508, drama 
15118, comedy 
10990, documentary 
14297, drama 
10193, documentary 
13392, documentary 
12497, drama 
15510, documentary 
12739, short 
15488, drama 
13675, short 
10722, short 
13530, drama 
14380, documentary 
11998, comedy 
13080, comedy 
10645, short 
13585, comedy 
10699, documentary 
13634, comedy 
11787, documentary 
13605, comedy 
13558, documentary 
11695, comedy 
13683, documentary 
14508, drama 
10136, comedy 
14173, comedy 
13970, comedy 
11935, short 
13627, drama 
15735, short 
15028, drama 
11881, short 
14921, drama 
13369, documentary 
10344, drama 
13429, short 
15689, drama 
11880, comedy 
14647, documentary 
11480, documentary 
11181, drama 
13254, short 
14067, documentary 
10607, drama 
12926, comedy 
11010, short 
14544, drama 
12120, documentary 
14497, short 
10697, short 
12999, comedy 
12186, documentary 
11250, comedy 
12933, drama 
10646, documentary 
12458, documentary 
14430, drama 
14672, short 
13191, drama 
11070, documentary 
12224, documentary 
14049, documentary 
12571, documentary 
12229, drama 
15323, comedy 
12404, comedy 
13170, documentary 
14015, documentary 
11965, short 
12072, short 
10673, drama 
14311, documentary 
15440, short 
12682, short 
12868, comedy 
11303, drama 
13942, short 
15742, drama 
12441, drama 
15153, comedy 
15769, comedy 
11255, documentary 
15672, short 
12479, drama 
10992, comedy 
12412, documentary 
14399, documentary 
14016, comedy 
11607, documentary 
15425, short 
11327, drama 
15786, drama 
15501, comedy 
11305, short 
10422, drama 
13495, comedy 
15662, drama 
14093, short 
14160, short 
13127, comedy 
15503, short 
15220, comedy 
11390, documentary 
13329, drama 
14191, comedy 
11708, short 
13209, short 
14447, documentary 
10117, drama 
14813, drama 
12843, short 
14353, comedy 
15268, comedy 
13239, drama 
14994, short 
11845, short 
14711, comedy 
12619, documentary 
14382, documentary 
10991, comedy 
10058, short 
14769, drama 
15614, short 
10098, drama 
12584, drama 
10331, comedy 
12213, comedy 
14499, comedy 
15464, drama 
13563, short 
14821, documentary 
10312, comedy 
13087, short 
14788, comedy 
11681, drama 
14244, documentary 
13811, documentary 
12262, drama 
13240, comedy 
14810, drama 
10685, comedy 
12032, documentary 
13824, documentary 
10127, drama 
10729, short 
10674, documentary 
10360, documentary 
12642, documentary 
14895, comedy 
12487, documentary 
15174, drama 
10761, comedy 
13806, comedy 
12558, comedy 
10971, short 
10068, drama 
15355, short 
11215, drama 
15143, documentary 
13057, drama 
14904, comedy 
14035, documentary 
13220, drama 
10411, short 
11967, drama 
14017, documentary 
15303, comedy 
14374, comedy 
15140, drama 
11143, documentary 
14974, documentary 
11365, documentary 
12606, comedy 
15200, short 
14727, drama 
12553, short 
12621, documentary 
14619, comedy 
11347, documentary 
13994, comedy 
15995, short 
15216, drama 
14425, short 
14764, drama 
15343, drama 
12939, documentary 
14997, drama 
11690, documentary 
12750, drama 
13159, comedy 
14245, documentary 
12680, documentary 
14487, documentary 
10064, comedy 
11171, comedy 
14620, documentary 
15508, comedy 
11792, comedy 
12173, drama 
12365, documentary 
10200, documentary 
15543, documentary 
13876, drama 
11556, drama 
11158, drama 
15800, drama 
13213, comedy 
11210, comedy 
14714, documentary 
13065, comedy 
15378, drama 
10603, comedy 
11073, documentary 
15284, comedy 
14379, documentary 
14634, drama 
12956, documentary 
14048, short 
10141, documentary 
10669, documentary 
11085, documentary 
14673, short 
14506, short 
10503, short 
10111, short 
15354, drama 
15041, documentary 
13395, comedy 
15207, comedy 
12170, comedy 
10548, drama 
11865, drama 
11514, drama 
12240, documentary 
10366, drama 
12582, drama 
13636, drama 
13426, short 
15940, drama 
15749, comedy 
11541, drama 
10789, short 
13431, short 
14243, comedy 
14128, documentary 
13564, short 
10704, comedy 
14720, documentary 
10261, drama 
14453, drama 
14421, documentary 
12825, drama 
10102, drama 
11758, drama 
14783, drama 
13076, comedy 
13979, documentary 
11259, drama 
12483, comedy 
15571, documentary 
15266, documentary 
12320, comedy 
13441, comedy 
14075, short 
10728, comedy 
11295, short 
11276, documentary 
15435, documentary 
15357, short 
14717, comedy 
10591, documentary 
14797, documentary 
11547, documentary 
13587, documentary 
14381, short 
10542, drama 
11583, documentary 
13263, comedy 
15850, drama 
14197, comedy 
15124, short 
10303, documentary 
15802, comedy 
15541, short 
10518, comedy 
11339, comedy 
15540, documentary 
12447, drama 
12182, comedy 
12728, documentary 
10972, drama 
14892, comedy 
14907, comedy 
13137, comedy 
11248, documentary 
14528, short 
14044, drama 
13122, documentary 
10156, drama 
13865, comedy 
14009, comedy 
15538, comedy 
14302, drama 
11537, drama 
10946, documentary 
15196, drama 
12822, drama 
15706, short 
15647, comedy 
12640, comedy 
15368, short 
12440, comedy 
14912, drama 
11424, documentary 
15036, documentary 
12303, drama 
15433, comedy 
13648, documentary 
15313, comedy 
15629, documentary 
12503, documentary 
10632, drama 
13089, short 
12345, documentary 
11240, short 
15280, documentary 
11034, short 
12426, comedy 
13885, documentary 
11474, documentary 
10553, short 
12022, documentary 
10798, documentary 
12191, short 
11486, drama 
15168, comedy 
12613, drama 
12198, short 
15034, drama 
15424, comedy 
12060, comedy 
15697, drama 
15788, documentary 
14793, short 
13265, documentary 
10510, documentary 
13499, short 
15136, comedy 
13045, drama 
14948, comedy 
11885, comedy 
14765, documentary 
14918, drama 
15382, short 
11435, short 
10222, drama 
14613, comedy 
15248, documentary 
14846, documentary 
15621, drama 
12430, short 
12079, short 
15004, documentary 
12808, drama 
13559, short 
11027, drama 
14220, short 
11128, documentary 
14092, documentary 
15001, short 
10401, short 
11049, comedy 
13652, documentary 
14327, drama 
13218, drama 
13895, documentary 
15070, drama 
12259, drama 
10013, drama 
10128, documentary 
12361, documentary 
13311, comedy 
12248, comedy 
15056, documentary 
10705, drama 
12656, comedy 
14661, drama 
12435, drama 
12632, comedy 
14732, short 
12459, documentary 
11769, drama 
12197, short 
12355, comedy 
15206, drama 
14754, drama 
13498, drama 
14503, short 
13164, documentary 
14417, comedy 
11571, documentary 
14077, documentary 
10192, comedy 
11846, short 
12438, documentary 
12534, drama 
14477, drama 
13186, comedy 
11336, short 
13386, drama 
15396, short 
14135, documentary 
10622, drama 
14318, short 
12280, comedy 
13172, documentary 
15842, short 
15974, documentary 
11186, comedy 
10948, comedy 
10132, short 
11169, documentary 
13472, documentary 
10906, drama 
10599, comedy 
15888, documentary 
10045, documentary 
15648, documentary 
11829, drama 
14403, documentary 
14631, documentary 
10709, drama 
15156, short 
15707, short 
15019, short 
12727, drama 
11842, drama 
15442, documentary 
12152, short 
15988, drama 
14440, documentary 
10804, drama 
13678, comedy 
14780, comedy 
11209, comedy 
10675, documentary 
11886, drama 
10708, documentary 
15020, comedy 
10072, comedy 
11813, short 
11496, documentary 
13014, comedy 
13511, drama 
13658, comedy 
10780, drama 
13736, documentary 
14676, documentary 
15166, documentary 
13196, comedy 
13449, short 
12065, comedy 
14511, documentary 
15578, documentary 
13485, documentary 
13393, short 
11396, drama 
11099, comedy 
12122, short 
14056, drama 
10061, drama 
12074, drama 
12317, short 
12034, comedy 
12416, comedy 
14967, drama 
13033, short 
11345, comedy 
14091, drama 
15896, documentary 
14059, documentary 
11778, short 
12705, documentary 
10184, comedy 
14100, drama 
13111, drama 
12168, drama 
13635, drama 
10827, short 
14475, drama 
14707, documentary 
15516, comedy 
13482, short 
10928, comedy 
11281, comedy 
10976, drama 
11154, documentary 
14187, comedy 
11936, short 
11364, drama 
13691, documentary 
13548, drama 
14415, short 
15556, comedy 
13283, drama 
13978, documentary 
10663, drama 
12328, short 
14859, drama 
14401, drama 
10511, short 
13623, drama 
13894, documentary 
15125, documentary 
14756, comedy 
11966, short 
15551, comedy 
13180, documentary 
13939, drama 
12920, comedy 
15807, documentary 
12547, documentary 
14426, documentary 
11877, drama 
13113, documentary 
15831, drama 
11098, comedy 
14365, drama 
10322, documentary 
15580, documentary 
12050, comedy 
12510, comedy 
12246, drama 
13546, drama 
11308, drama 
15231, drama 
12660, drama 
14627, comedy 
12648, drama 
13680, short 
10167, short 
12675, short 
13069, drama 
14188, documentary 
12785, comedy 
10502, comedy 
10400, comedy 
12062, short 
13258, comedy 
13891, documentary 
12382, drama 
15451, comedy 
15684, documentary 
15011, drama 
12805, drama 
10922, documentary 
12559, short 
15919, short 
10008, comedy 
12668, documentary 
10682, short 
13909, documentary 
13752, drama 
12865, drama 
10724, comedy 
14457, comedy 
15748, drama 
13690, drama 
15390, documentary 
12725, short 
12706, comedy 
11744, drama 
10840, short 
13930, documentary 
12485, comedy 
11097, documentary 
12689, short 
15520, documentary 
11996, drama 
10735, short 
14148, drama 
12918, drama 
11219, drama 
13026, documentary 
15688, comedy 
11840, comedy 
12540, documentary 
14209, short 
10965, comedy 
11100, comedy 
13341, documentary 
14079, short 
11471, comedy 
13361, comedy 
11789, short 
15935, comedy 
12645, comedy 
15673, short 
15310, comedy 
10340, drama 
12070, comedy 
13066, short 
12985, documentary 
13198, documentary 
11641, short 
10246, documentary 
12237, short 
11090, short 
12466, documentary 
10474, documentary 
15891, drama 
10306, documentary 
10307, documentary 
15953, comedy 
13650, documentary 
10760, drama 
10089, documentary 
10374, short 
14927, comedy 
11964, short 
12608, short 
10592, short 
15160, documentary 
10595, drama 
13734, drama 
13378, documentary 
13810, documentary 
10887, comedy 
12353, short 
11578, comedy 
10165, drama 
14735, documentary 
15475, documentary 
14703, comedy 
14290, documentary 
10251, documentary 
12402, comedy 
11465, documentary 
12489, short 
15385, comedy 
14667, short 
12410, documentary 
10191, drama 
13354, comedy 
10263, documentary 
14030, drama 
12417, comedy 
11803, documentary 
13282, short 
14041, comedy 
14545, drama 
14361, drama 
11273, comedy 
11325, drama 
10933, comedy 
14459, drama 
11048, documentary 
14316, documentary 
15972, comedy 
14540, drama 
12976, documentary 
14393, drama 
14923, comedy 
12814, documentary 
15639, documentary 
14803, short 
12972, short 
11391, short 
11043, drama 
10769, short 
11697, documentary 
14850, documentary 
11291, comedy 
10747, drama 
15778, comedy 
11804, drama 
15942, comedy 
15590, comedy 
12618, documentary 
10516, documentary 
11925, comedy 
13062, documentary 
15445, short 
10168, drama 
14755, documentary 
15089, comedy 
13005, drama 
10659, short 
13700, short 
11476, comedy 
14867, documentary 
15272, documentary 
12005, documentary 
10570, comedy 
13152, short 
13056, documentary 
12038, documentary 
13553, short 
14134, documentary 
15678, documentary 
12531, short 
14740, drama 
10218, short 
13889, documentary 
14609, drama 
14747, comedy 
11269, comedy 
14303, documentary 
12245, documentary 
15185, drama 
10848, drama 
14480, short 
11768, comedy 
15645, comedy 
14301, documentary 
12635, drama 
11808, comedy 
13126, documentary 
12544, comedy 
15085, documentary 
12861, drama 
10810, documentary 
12040, documentary 
15978, documentary 
12266, comedy 
14221, documentary 
14555, drama 
10276, comedy 
10717, comedy 
15204, drama 
13768, drama 
13276, documentary 
15562, drama 
10598, drama 
11168, comedy 
14337, drama 
11275, documentary 
11302, short 
10629, documentary 
10107, documentary 
13000, short 
12343, comedy 
13729, documentary 
15916, documentary 
10640, drama 
12877, comedy 
15570, short 
11063, documentary 
11779, comedy 
11225, documentary 
11921, drama 
14083, drama 
12936, short 
11398, documentary 
14889, comedy 
11213, drama 
10396, drama 
13883, short 
14784, short 
13500, comedy 
15356, drama 
10927, short 
14495, comedy 
10458, short 
15157, short 
13967, drama 
11498, comedy 
11569, documentary 
13603, short 
12588, drama 
13383, drama 
12545, drama 
11527, drama 
14699, short 
13215, drama 
13917, drama 
13434, short 
13703, comedy 
14218, documentary 
15654, short 
15752, drama 
15676, drama 
13483, documentary 
14663, short 
12845, comedy 
11157, drama 
14066, documentary 
11341, comedy 
10255, short 
14909, documentary 
12903, comedy 
14956, comedy 
15193, documentary 
10969, documentary 
15353, comedy 
14164, comedy 
14594, comedy 
11368, drama 
14057, short 
10657, drama 
10223, documentary 
12610, comedy 
14456, drama 
14238, comedy 
12220, documentary 
11699, drama 
11637, documentary 
14261, short 
15832, short 
12989, documentary 
12116, drama 
10369, comedy 
12880, drama 
11815, drama 
14378, documentary 
11374, comedy 
11403, drama 
13873, short 
14343, comedy 
10989, documentary 
11387, drama 
12192, short 
10854, drama 
10863, comedy 
12647, drama 
10054, drama 
13537, documentary 
13753, short 
13893, documentary 
14315, comedy 
13908, drama 
11718, documentary 
11274, short 
12451, documentary 
15579, short 
11351, documentary 
11664, comedy 
12134, drama 
13174, drama 
13244, documentary 
11152, comedy 
13655, documentary 
10019, drama 
13271, drama 
15932, drama 
15610, comedy 
14319, comedy 
11450, short 
15870, short 
14165, short 
11567, drama 
12147, documentary 
14539, drama 
15809, documentary 
14464, documentary 
15544, short 
10365, comedy 
14561, drama 
13098, short 
12110, comedy 
11956, documentary 
12209, comedy 
12474, comedy 
11954, comedy 
12576, documentary 
10846, drama 
12368, comedy 
14985, comedy 
15846, short 
14993, drama 
10571, drama 
10625, short 
10702, drama 
15596, comedy 
12967, short 
13540, documentary 
12450, drama 
15467, short 
10110, comedy 
15292, documentary 
12035, drama 
15657, documentary 
11127, comedy 
14891, short 
13739, drama 
14441, drama 
13444, drama 
11904, comedy 
11951, comedy 
14448, documentary 
15646, short 
15198, comedy 
10121, short 
15430, documentary 
13488, documentary 
15065, documentary 
11489, documentary 
11520, documentary 
15107, comedy 
15766, drama 
13413, short 
13478, drama 
14225, short 
11550, comedy 
11651, comedy 
13689, comedy 
15740, comedy 
14369, drama 
11036, drama 
15120, drama 
12873, short 
11204, short 
14514, drama 
14168, comedy 
11557, comedy 
11463, short 
13509, drama 
14386, documentary 
12586, documentary 
12221, drama 
14822, comedy 
13552, documentary 
10914, drama 
10122, short 
11478, short 
15730, short 
14643, comedy 
15155, short 
12841, comedy 
13767, short 
14510, drama 
15608, documentary 
10199, comedy 
15330, documentary 
10834, comedy 
15704, drama 
10367, drama 
10487, comedy 
14786, drama 
12160, comedy 
13771, short 
11739, documentary 
11994, drama 
14408, drama 
10626, documentary 
11841, drama 
15014, documentary 
10987, comedy 
13671, drama 
14612, comedy 
10723, comedy 
14593, documentary 
13432, documentary 
13754, short 
13176, drama 
11144, drama 
12752, short 
10833, comedy 
12983, drama 
11721, comedy 
11425, comedy 
11467, documentary 
12679, comedy 
12462, comedy 
10601, comedy 
14718, drama 
14011, short 
13611, short 
14977, documentary 
14767, documentary 
12091, short 
12634, short 
10049, documentary 
13775, comedy 
10134, comedy 
10900, short 
14932, documentary 
14463, short 
14969, drama 
14098, documentary 
14089, drama 
11772, short 
10040, short 
11706, documentary 
14834, comedy 
12442, documentary 
15139, short 
14777, drama 
12735, short 
15411, drama 
14766, short 
14298, comedy 
10829, comedy 
12694, drama 
14991, comedy 
15705, drama 
12509, documentary 
12073, drama 
12622, short 
10880, documentary 
13995, drama 
11080, drama 
10029, comedy 
13208, drama 
13405, drama 
10492, short 
12997, comedy 
11268, short 
10915, comedy 
10208, drama 
10942, documentary 
12673, documentary 
10631, short 
11417, drama 
13027, drama 
10719, comedy 
14955, drama 
12790, short 
13685, documentary 
13910, short 
14331, drama 
12295, short 
12764, documentary 
12263, documentary 
10498, drama 
13914, documentary 
13777, documentary 
13543, drama 
11647, short 
14929, comedy 
10410, short 
15259, drama 
14633, comedy 
12538, short 
12626, documentary 
15849, drama 
15821, comedy 
12481, comedy 
13743, comedy 
14583, short 
11004, drama 
13298, short 
15765, drama 
14488, drama 
11253, documentary 
15458, documentary 
12391, drama 
12736, comedy 
11851, short 
15054, documentary 
14878, comedy 
15961, drama 
15373, comedy 
13738, drama 
15148, drama 
14741, drama 
14179, comedy 
13339, short 
13926, comedy 
13633, documentary 
10175, short 
11451, documentary 
12570, comedy 
11517, documentary 
14271, drama 
14704, documentary 
13355, comedy 
14724, comedy 
11261, comedy 
12158, documentary 
13197, drama 
15664, comedy 
11035, documentary 
11148, documentary 
11767, comedy 
13195, drama 
12887, comedy 
10324, drama 
12488, documentary 
13751, documentary 
11369, documentary 
11223, documentary 
10837, documentary 
15182, drama 
13446, comedy 
13695, drama 
13659, comedy 
15799, drama 
15152, comedy 
10244, comedy 
14526, comedy 
13714, drama 
10403, drama 
15447, drama 
12590, documentary 
15352, drama 
13469, comedy 
14549, short 
12595, comedy 
10649, drama 
10419, drama 
14796, short 
11810, comedy 
11246, comedy 
14575, drama 
14323, documentary 
11197, short 
15026, drama 
13285, documentary 
13791, drama 
10164, drama 
15116, documentary 
10925, short 
15567, drama 
14329, comedy 
12748, drama 
12907, drama 
10879, documentary 
12030, comedy 
13221, short 
11182, comedy 
12598, drama 
14003, documentary 
11121, short 
10063, drama 
11816, documentary 
13304, short 
12710, drama 
15691, comedy 
15803, documentary 
12336, comedy 
13664, drama 
11059, comedy 
11835, comedy 
10228, documentary 
13229, comedy 
10838, drama 
13059, documentary 
12802, comedy 
13484, drama 
12512, documentary 
14785, drama 
13301, documentary 
15233, comedy 
12225, drama 
12211, comedy 
13604, documentary 
10376, short 
14384, short 
11011, short 
15952, documentary 
11096, short 
11961, short 
15261, drama 
10584, documentary 
11089, documentary 
13093, documentary 
14666, drama 
15097, drama 
11439, documentary 
10206, documentary 
14942, comedy 
12554, documentary 
13292, documentary 
13867, comedy 
10624, documentary 
13178, drama 
10014, documentary 
14127, short 
11850, drama 
13706, short 
11874, documentary 
13582, short 
15348, comedy 
11729, comedy 
12782, comedy 
10359, comedy 
14773, documentary 
11819, short 
13807, drama 
10531, comedy 
10282, documentary 
11843, drama 
15018, documentary 
12021, short 
15158, documentary 
14142, short 
12395, documentary 
12400, documentary 
11662, drama 
10342, drama 
14358, drama 
10911, comedy 
13769, drama 
12176, documentary 
11356, drama 
14227, drama 
11887, drama 
14251, drama 
13358, short 
12249, comedy 
12605, documentary 
11361, drama 
15459, drama 
12311, drama 
15228, comedy 
14330, drama 
15247, drama 
12418, drama 
11401, comedy 
13845, documentary 
14483, short 
10152, drama 
15008, drama 
13367, documentary 
11727, comedy 
11142, comedy 
15835, drama 
11655, comedy 
11106, comedy 
13043, documentary 
11272, short 
15867, documentary 
13677, short 
14274, documentary 
15347, documentary 
15834, documentary 
12396, drama 
15131, comedy 
13375, documentary 
10772, drama 
10212, documentary 
14222, comedy 
13848, drama 
13501, comedy 
10347, drama 
12521, comedy 
12432, short 
12792, documentary 
10786, drama 
10547, short 
15314, documentary 
12529, short 
14082, comedy 
14184, comedy 
12104, documentary 
10158, documentary 
12499, short 
14986, short 
13843, drama 
15879, drama 
12251, documentary 
14472, documentary 
15457, short 
15754, documentary 
13179, documentary 
14550, short 
10931, comedy 
15526, comedy 
11807, documentary 
10154, documentary 
14167, comedy 
11794, documentary 
15593, documentary 
11570, drama 
11901, drama 
11232, short 
10417, documentary 
14963, documentary 
13899, drama 
13897, comedy 
14351, drama 
11316, drama 
14482, short 
15485, short 
10541, documentary 
12700, short 
15986, drama 
12813, drama 
15289, drama 
15474, short 
15636, drama 
11890, comedy 
13021, drama 
12899, drama 
12028, documentary 
10617, documentary 
10876, short 
12733, documentary 
14715, drama 
12569, drama 
11722, short 
13436, short 
15288, comedy 
13268, short 
11452, documentary 
12859, documentary 
12434, comedy 
14677, short 
11041, comedy 
13391, short 
11866, comedy 
10114, drama 
10445, documentary 
10504, short 
15115, drama 
10088, comedy 
15299, short 
10259, drama 
13232, comedy 
15968, documentary 
15229, drama 
13437, short 
14373, drama 
11137, documentary 
11765, comedy 
11717, short 
11184, drama 
12775, documentary 
10937, comedy 
11083, comedy 
12214, comedy 
10187, short 
15104, short 
15170, comedy 
11007, comedy 
15205, comedy 
15985, comedy 
11040, drama 
15317, comedy 
12627, comedy 
12492, documentary 
15899, documentary 
12519, drama 
14851, drama 
11360, documentary 
10277, comedy 
13454, comedy 
11179, documentary 
11410, drama 
15523, short 
15441, drama 
11968, comedy 
11376, documentary 
11978, comedy 
10394, comedy 
14427, drama 
12052, documentary 
14462, documentary 
13190, drama 
15733, short 
12484, comedy 
11442, documentary 
14362, documentary 
15512, drama 
13039, short 
15122, drama 
12846, documentary 
15121, drama 
13302, documentary 
10893, short 
11827, drama 
14725, comedy 
15854, short 
10170, short 
15876, comedy 
10850, documentary 
11584, documentary 
13008, drama 
13154, drama 
13607, short 
15332, comedy 
13365, comedy 
13106, comedy 
12691, documentary 
11896, drama 
11367, comedy 
11330, short 
10010, comedy 
12946, drama 
13428, drama 
10496, drama 
12932, comedy 
11104, documentary 
13554, comedy 
12283, short 
10537, drama 
12261, drama 
12223, drama 
15073, short 
11175, documentary 
13759, short 
11284, comedy 
13230, documentary 
14738, documentary 
14943, drama 
13514, comedy 
10868, drama 
12742, drama 
12676, documentary 
15623, documentary 
10309, short 
11564, comedy 
14282, drama 
14443, comedy 
14798, documentary 
13242, documentary 
10120, short 
11037, drama 
14837, short 
11081, documentary 
13233, short 
15492, comedy 
14335, drama 
12359, drama 
11602, documentary 
13581, comedy 
12980, short 
12228, comedy 
15557, short 
11666, comedy 
12755, comedy 
12461, comedy 
10608, comedy 
13837, comedy 
11064, comedy 
12252, comedy 
10939, drama 
15762, drama 
10767, drama 
14345, drama 
10727, comedy 
15723, comedy 
13790, comedy 
14570, drama 
10619, drama 
13805, drama 
11072, documentary 
10556, documentary 
15336, documentary 
14573, documentary 
12566, comedy 
10662, drama 
12831, short 
12194, drama 
15903, drama 
15981, short 
10153, drama 
14037, short 
13350, documentary 
14876, documentary 
11515, documentary 
14060, drama 
13458, documentary 
10493, documentary 
10139, drama 
11477, documentary 
15795, documentary 
11472, documentary 
10297, documentary 
12951, documentary 
12126, drama 
15521, comedy 
14106, documentary 
11459, drama 
13396, short 
11723, documentary 
10473, comedy 
15341, comedy 
15245, comedy 
11788, documentary 
15644, short 
12392, drama 
15324, documentary 
10908, drama 
12995, documentary 
14998, comedy 
13255, short 
13394, comedy 
13698, comedy 
10285, documentary 
12454, drama 
11379, comedy 
14636, comedy 
13303, drama 
13097, drama 
14154, comedy 
15653, documentary 
11871, documentary 
13904, documentary 
11165, drama 
12806, drama 
11265, documentary 
13512, documentary 
12058, short 
12196, documentary 
11280, short 
11247, comedy 
12720, documentary 
12296, short 
13398, documentary 
15638, drama 
12513, drama 
11402, documentary 
12082, drama 
15882, drama 
12526, comedy 
10325, documentary 
11051, short 
11133, short 
14782, short 
14547, comedy 
11745, drama 
14768, short 
10381, documentary 
14601, documentary 
12025, drama 
15366, short 
13420, documentary 
12870, short 
11989, comedy 
10597, documentary 
12411, comedy 
13475, documentary 
15133, short 
14391, short 
15836, comedy 
11764, drama 
13684, short 
15123, comedy 
10790, drama 
14567, short 
11386, comedy 
10213, documentary 
15076, short 
15132, comedy 
12723, drama 
11373, documentary 
14512, comedy 
10521, documentary 
15422, documentary 
10001, comedy 
10635, drama 
13953, short 
11909, short 
13071, documentary 
15875, drama 
14136, documentary 
12991, comedy 
14074, comedy 
14114, drama 
12628, short 
10561, short 
11466, comedy 
11687, short 
14312, drama 
15675, drama 
15267, comedy 
15659, drama 
14525, short 
11903, drama 
10480, documentary 
11776, comedy 
15338, documentary 
13701, drama 
15796, drama 
13748, documentary 
12267, drama 
13332, drama 
14572, comedy 
12996, drama 
14979, documentary 
12753, short 
11230, comedy 
12286, documentary 
13521, documentary 
10771, short 
15550, comedy 
12449, comedy 
13746, documentary 
10348, comedy 
14291, drama 
14081, documentary 
14321, comedy 
11932, short 
15620, short 
15346, drama 
11306, short 
15797, drama 
11300, documentary 
11256, drama 
13025, short 
15117, documentary 
12356, comedy 
11814, drama 
13314, drama 
15187, short 
15839, comedy 
13291, drama 
10219, documentary 
13385, drama 
11633, drama 
10437, comedy 
12156, drama 
14389, short 
11949, documentary 
13010, documentary 
14566, drama 
10707, documentary 
10173, comedy 
15804, drama 
11494, documentary 
14748, drama 
12637, drama 
14063, short 
12535, drama 
10047, drama 
12949, documentary 
12797, comedy 
14708, short 
10794, drama 
15074, drama 
14479, drama 
13287, documentary 
13139, documentary 
15736, comedy 
13565, comedy 
14835, comedy 
10280, comedy 
11384, drama 
12771, documentary 
13802, comedy 
12730, short 
13793, comedy 
10940, short 
11705, documentary 
15095, drama 
15566, drama 
11355, comedy 
13256, documentary 
13735, comedy 
11630, short 
14642, drama 
13210, documentary 
15006, comedy 
11773, comedy 
10543, documentary 
10329, drama 
10564, short 
11432, documentary 
14558, drama 
15679, documentary 
10123, drama 
14484, comedy 
11074, drama 
12235, documentary 
15000, short 
11783, documentary 
10539, documentary 
10751, short 
14685, documentary 
15776, comedy 
11445, documentary 
10052, short 
14494, comedy 
13275, documentary 
14258, comedy 
15239, comedy 
14104, documentary 
13168, drama 
14675, drama 
12090, short 
15040, documentary 
11738, comedy 
14779, drama 
14522, documentary 
12717, documentary 
11576, short 
15868, comedy 
13016, documentary 
15843, documentary 
13643, short 
13293, comedy 
13761, short 
11942, drama 
10387, documentary 
12292, comedy 
12236, documentary 
12308, documentary 
14833, comedy 
14195, documentary 
12279, drama 
10341, comedy 
10528, comedy 
14181, comedy 
12678, documentary 
11378, comedy 
11525, short 
14109, documentary 
10237, drama 
15427, drama 
12712, comedy 
10146, short 
11532, comedy 
11150, documentary 
14730, drama 
13497, drama 
13601, documentary 
13921, drama 
14008, comedy 
14916, comedy 
14684, drama 
12625, drama 
13798, drama 
12561, short 
15944, documentary 
10540, short 
10870, drama 
14534, comedy 
10245, short 
15339, comedy 
10188, documentary 
14182, drama 
13492, documentary 
10442, short 
13544, documentary 
10133, short 
15767, drama 
15576, comedy 
12339, short 
15637, documentary 
10515, documentary 
14045, comedy 
13223, documentary 
14674, comedy 
15363, documentary 
11922, documentary 
11212, drama 
13781, comedy 
15033, drama 
12713, short 
14306, drama 
13044, drama 
12268, documentary 
10112, drama 
13765, comedy 
15682, short 
11763, documentary 
13408, documentary 
14559, drama 
15307, comedy 
11917, drama 
12347, short 
13589, drama 
11823, documentary 
11642, documentary 
13516, documentary 
10616, short 
12905, drama 
13212, documentary 
13075, comedy 
10650, drama 
15209, short 
11506, drama 
10530, drama 
11861, documentary 
14034, drama 
14706, comedy 
12273, documentary 
13079, drama 
12759, comedy 
13228, documentary 
11501, documentary 
15202, documentary 
12333, short 
12226, drama 
12112, short 
15581, short 
11822, comedy 
12469, comedy 
12425, short 
12108, comedy 
15828, comedy 
15668, documentary 
13915, documentary 
12687, documentary 
12982, documentary 
10293, drama 
14051, documentary 
10456, documentary 
12456, drama 
13568, short 
15527, drama 
10209, drama 
15616, comedy 
13279, comedy 
11312, drama 
14605, documentary 
11704, short 
15912, short 
15589, drama 
13839, documentary 
12232, documentary 
11381, documentary 
11088, drama 
14914, drama 
12761, comedy 
15486, documentary 
13923, documentary 
11174, short 
14604, comedy 
12281, drama 
14248, short 
15135, drama 
14962, comedy 
14556, drama 
12446, documentary 
10273, drama 
14200, comedy 
13199, drama 
14603, documentary 
10113, drama 
13853, short 
13288, short 
15921, comedy 
14364, drama 
15388, short 
10308, drama 
11030, drama 
10142, drama 
11091, drama 
11806, drama 
14563, comedy 
13998, documentary 
10083, comedy 
12738, documentary 
13654, drama 
13128, comedy 
14001, documentary 
12783, short 
14279, short 
15606, drama 
15351, documentary 
10711, drama 
12363, documentary 
15815, documentary 
14799, comedy 
11258, comedy 
10926, drama 
13653, comedy 
14375, comedy 
15910, comedy 
14845, drama 
12906, documentary 
13347, short 
14883, documentary 
13613, drama 
10082, drama 
12420, drama 
13453, documentary 
11595, short 
15823, drama 
12777, short 
10739, drama 
15532, comedy 
11746, comedy 
10210, comedy 
13935, drama 
12406, documentary 
10247, short 
14186, drama 
14377, drama 
12486, short 
11791, comedy 
13003, drama 
15169, comedy 
11122, drama 
12904, comedy 
14174, short 
13679, comedy 
13859, comedy 
12536, documentary 
13095, drama 
14026, documentary 
15147, short 
12238, documentary 
13863, documentary 
10105, short 
10227, drama 
11670, drama 
13868, comedy 
15063, short 
10489, comedy 
15934, drama 
10500, comedy 
11731, short 
10286, comedy 
13957, documentary 
11134, documentary 
12889, documentary 
15965, comedy 
12321, comedy 
15531, documentary 
14789, drama 
12858, comedy 
12516, short 
14898, drama 
14548, short 
12826, comedy 
10108, documentary 
11429, short 
12043, documentary 
13730, documentary 
10439, documentary 
13956, comedy 
12144, drama 
13631, comedy 
13674, drama 
11582, drama 
11879, drama 
15750, documentary 
14938, drama 
11025, short 
11454, short 
10338, documentary 
13596, drama 
10740, short 
14855, short 
13619, comedy 
13612, short 
11683, comedy 
14628, documentary 
13780, documentary 
15894, documentary 
15956, documentary 
12107, comedy 
12121, comedy 
10660, drama 
10389, comedy 
12589, drama 
13566, comedy 
11634, short 
15473, short 
14390, documentary 
12250, comedy 
10920, documentary 
14903, drama 
10777, short 
11348, comedy 
11408, drama 
14811, drama 
14095, comedy 
12349, comedy 
11078, drama 
14246, documentary 
12445, comedy 
13134, documentary 
13796, comedy 
10004, documentary 
13011, comedy 
12302, documentary 
10652, drama 
14518, documentary 
15149, documentary 
11948, documentary 
15237, documentary 
13343, short 
15345, comedy 
14130, documentary 
15496, drama 
11551, comedy 
13639, drama 
11693, drama 
15677, documentary 
10448, comedy 
10968, drama 
15081, comedy 
10097, comedy 
15698, documentary 
14485, comedy 
12154, documentary 
11314, documentary 
10831, documentary 
15536, short 
13901, comedy 
15703, drama 
15771, comedy 
13465, short 
15583, drama 
13794, documentary 
10890, comedy 
13310, comedy 
10815, documentary 
10100, short 
12992, drama 
13110, comedy 
14476, comedy 
10346, comedy 
14454, comedy 
10449, comedy 
12798, comedy 
14888, documentary 
14356, documentary 
15371, drama 
14817, comedy 
10970, drama 
10130, comedy 
12978, comedy 
14086, documentary 
10447, comedy 
10612, documentary 
13710, short 
12767, short 
13944, documentary 
12581, drama 
16000, comedy 
14574, drama 
10759, documentary 
10291, documentary 
10862, documentary 
12888, drama 
15050, short 
12016, short 
14212, comedy 
14429, drama 
14247, drama 
12815, drama 
13819, drama 
12864, comedy 
14043, short 
15494, documentary 
15911, drama 
10778, short 
12148, comedy 
14409, comedy 
15598, documentary 
14147, comedy 
13962, short 
15569, short 
10423, drama 
13682, short 
10536, comedy 
11606, short 
13372, documentary 
11958, drama 
13319, drama 
12952, documentary 
14893, documentary 
14760, documentary 
14988, drama 
10441, short 
11068, drama 
11111, documentary 
13617, comedy 
10894, comedy 
12703, comedy 
10159, documentary 
12874, documentary 
11054, short 
13457, short 
15721, documentary 
12672, documentary 
11289, short 
13890, documentary 
13965, drama 
15184, documentary 
14823, comedy 
10314, short 
15244, drama 
10947, documentary 
14268, documentary 
15111, drama 
15256, documentary 
14241, drama 
13549, short 
11538, comedy 
11346, comedy 
13799, drama 
13141, drama 
13973, drama 
11440, documentary 
13834, documentary 
11105, comedy 
12023, drama 
15918, drama 
13945, documentary 
12139, comedy 
11252, comedy 
14031, short 
12378, documentary 
15872, documentary 
13583, short 
14841, drama 
15408, drama 
14069, drama 
12204, documentary 
10271, drama 
11733, short 
15413, drama 
11548, short 
14304, short 
13551, documentary 
11836, drama 
14701, documentary 
13931, short 
14935, documentary 
14234, short 
14981, short 
11242, short 
15728, comedy 
15845, comedy 
10822, documentary 
12138, short 
15829, documentary 
12882, documentary 
10172, drama 
13960, documentary 
11208, comedy 
11801, comedy 
15758, comedy 
14285, short 
12945, comedy 
11013, comedy 
13938, drama 
15251, comedy 
12507, short 
10555, short 
10644, short 
13538, comedy 
10849, documentary 
13117, documentary 
15509, drama 
12257, short 
10264, drama 
11970, comedy 
14541, drama 
15863, comedy 
13073, comedy 
14729, drama 
15470, drama 
10509, short 
15101, drama 
11983, comedy 
11566, drama 
15625, short 
14090, documentary 
10318, documentary 
15518, drama 
11138, documentary 
14050, comedy 
13225, drama 
13579, comedy 
12770, drama 
13290, comedy 
15322, drama 
11457, comedy 
11585, comedy 
13102, short 
11124, comedy 
11109, short 
12405, documentary 
11755, documentary 
13459, documentary 
13502, drama 
14925, short 
11245, documentary 
10021, documentary 
10962, documentary 
12360, comedy 
10310, comedy 
12114, short 
13312, documentary 
11833, drama 
15276, drama 
10690, comedy 
12496, comedy 
14334, short 
14294, drama 
14289, short 
12366, comedy 
15311, documentary 
14597, short 
10587, comedy 
14055, comedy 
10522, drama 
13020, documentary 
11596, short 
15619, drama 
11574, short 
14436, comedy 
14644, documentary 
14272, documentary 
11392, documentary 
12159, short 
13376, drama 
14905, documentary 
14138, drama 
12061, comedy 
15546, documentary 
14357, documentary 
10710, comedy 
11131, drama 
15779, comedy 
10323, documentary 
14360, short 
15281, comedy 
12387, drama 
11916, drama 
10821, documentary 
13567, drama 
14196, drama 
15172, short 
10873, comedy 
11980, drama 
12842, documentary 
11147, documentary 
10851, comedy 
15774, comedy 
12515, comedy 
15469, comedy 
14273, comedy 
10897, comedy 
10356, short 
11319, short 
11635, comedy 
12094, short 
10853, comedy 
14516, comedy 
15460, comedy 
13640, drama 
15051, documentary 
11617, drama 
15633, short 
10560, drama 
12655, drama 
12085, documentary 
11389, documentary 
14052, documentary 
13206, drama 
15161, comedy 
12344, short 
13382, documentary 
11713, comedy 
14491, comedy 
10106, drama 
14557, comedy 
11720, documentary 
14013, comedy 
11469, documentary 
14941, drama 
11975, drama 
13138, documentary 
10792, documentary 
14532, drama 
11420, comedy 
12704, comedy 
15064, drama 
11461, drama 
11301, drama 
12754, drama 
13776, drama 
15092, drama 
10781, comedy 
13388, documentary 
14616, short 
10812, drama 
11793, comedy 
13506, comedy 
14410, comedy 
13936, comedy 
12659, drama 
11969, documentary 
15298, comedy 
15726, short 
14407, drama 
15084, comedy 
11153, documentary 
12780, documentary 
13348, short 
12643, drama 
12384, short 
10588, comedy 
15909, comedy 
10961, documentary 
15820, comedy 
13881, drama 
15203, short 
15282, documentary 
10249, documentary 
10684, documentary 
13114, drama 
14170, documentary 
15449, documentary 
11523, short 
11631, documentary 
11709, documentary 
11299, short 
13992, drama 
10696, documentary 
15290, short 
13421, comedy 
15426, drama 
10954, documentary 
12480, comedy 
15865, short 
14270, short 
13439, comedy 
12835, documentary 
11094, drama 
13189, documentary 
11123, comedy 
14886, short 
15154, drama 
15110, comedy 
13064, comedy 
15402, comedy 
14668, comedy 
11518, documentary 
11911, documentary 
11545, documentary 
15400, documentary 
14255, drama 
15392, short 
15724, short 
13185, documentary 
13641, documentary 
13374, drama 
12128, drama 
10028, drama 
12254, short 
11782, documentary 
11696, short 
11046, comedy 
14103, drama 
10250, short 
14844, comedy 
14966, drama 
15476, documentary 
14614, documentary 
13638, drama 
11475, comedy 
15529, documentary 
14983, drama 
11110, drama 
14324, drama 
14611, drama 
13351, comedy 
13387, drama 
14945, documentary 
14500, comedy 
15602, documentary 
12370, drama 
12498, short 
10027, documentary 
14598, drama 
12132, comedy 
13326, documentary 
14600, short 
12671, drama 
11632, documentary 
14004, short 
15627, documentary 
13333, comedy 
14521, documentary 
13124, documentary 
14551, comedy 
11262, comedy 
14982, short 
12697, comedy 
14185, drama 
10748, documentary 
11422, drama 
14990, short 
14802, drama 
12276, comedy 
11003, documentary 
12968, drama 
15398, documentary 
13536, documentary 
13416, short 
14256, short 
15887, drama 
13403, documentary 
15530, documentary 
11941, short 
13955, comedy 
13081, documentary 
10932, documentary 
13224, documentary 
12552, comedy 
11032, documentary 
12242, comedy 
11742, comedy 
12688, documentary 
10985, documentary 
11155, documentary 
14622, short 
15045, comedy 
10434, short 
15840, short 
11321, comedy 
15587, short 
12574, documentary 
11139, documentary 
15801, documentary 
11161, short 
10093, comedy 
12824, documentary 
15060, drama 
11024, short 
10825, documentary 
15955, short 
11460, short 
15162, drama 
12914, comedy 
10015, drama 
11271, drama 
15114, comedy 
10701, documentary 
10630, documentary 
13531, documentary 
13147, comedy 
15757, documentary 
14721, drama 
13099, short 
12580, drama 
10071, drama 
12351, comedy 
13040, drama 
10287, drama 
10460, documentary 
15824, drama 
12081, comedy 
10315, documentary 
10038, short 
13146, drama 
14172, documentary 
14972, documentary 
11173, short 
15022, short 
12896, documentary 
12639, short 
11650, short 
11669, comedy 
15588, drama 
12593, drama 
11609, comedy 
12036, comedy 
11329, documentary 
11624, documentary 
15005, comedy 
14132, short 
11416, documentary 
14300, short 
11928, drama 
10087, comedy 
15907, documentary 
10320, drama 
10514, short 
11187, comedy 
15309, documentary 
13295, drama 
12180, short 
15687, documentary 
15252, drama 
13338, short 
12900, documentary 
14933, documentary 
10878, short 
14625, drama 
15487, drama 
12287, documentary 
15246, drama 
13390, drama 
12014, documentary 
10733, drama 
14206, comedy 
13872, short 
11427, drama 
10604, drama 
13669, short 
10654, documentary 
14267, documentary 
14099, documentary 
10176, drama 
11685, documentary 
15565, documentary 
13925, documentary 
12670, drama 
12233, comedy 
11426, documentary 
13562, short 
13464, drama 
10700, documentary 
11203, documentary 
14820, drama 
13849, comedy 
11434, comedy 
15079, documentary 
11756, drama 
15066, comedy 
14216, documentary 
15477, documentary 
12431, documentary 
13063, drama 
15269, comedy 
15600, documentary 
11237, documentary 
11326, comedy 
14509, comedy 
11918, short 
13153, documentary 
12961, short 
14359, documentary 
11482, documentary 
15129, drama 
13360, short 
14006, drama 
10180, drama 
13715, short 
11509, short 
11736, comedy 
13480, comedy 
12315, drama 
14470, drama 
12901, comedy 
14452, documentary 
10621, documentary 
15737, comedy 
14481, documentary 
11512, short 
11698, drama 
12470, drama 
15479, documentary 
12950, documentary 
10811, drama 
13024, comedy 
14344, documentary 
11002, comedy 
13822, drama 
10357, short 
12921, documentary 
14450, comedy 
13651, drama 
11193, short 
11605, documentary 
15463, short 
10606, short 
10823, documentary 
10952, drama 
13267, drama 
11761, comedy 
10895, documentary 
12549, comedy 
12045, comedy 
14568, short 
13214, comedy 
14638, drama 
10859, drama 
10941, documentary 
15030, short 
15428, short 
11029, drama 
10009, comedy 
15450, short 
15559, drama 
13719, drama 
10559, short 
14320, documentary 
12149, drama 
11044, drama 
13088, documentary 
15553, comedy 
15764, comedy 
13922, documentary 
10124, comedy 
12185, drama 
15946, comedy 
13491, short 
11218, comedy 
15493, drama 
12641, short 
10080, short 
14435, comedy 
10889, drama 
15747, documentary 
12523, documentary 
11456, short 
12817, drama 
14805, drama 
15844, comedy 
11407, documentary 
14190, comedy 
15151, documentary 
12661, short 
12096, short 
13757, drama 
14073, drama 
15052, comedy 
15295, drama 
13545, comedy 
12423, drama 
15134, drama 
13645, short 
10558, documentary 
10749, documentary 
11735, documentary 
11060, short 
11940, short 
10148, documentary 
12928, documentary 
14946, drama 
12942, comedy 
15212, documentary 
11626, comedy 
11770, documentary 
13624, short 
11214, short 
13728, comedy 
13055, short 
11069, documentary 
13167, comedy 
11673, short 
12893, comedy 
11893, comedy 
15651, documentary 
15692, comedy 
10499, short 
13012, documentary 
10799, documentary 
10358, documentary 
15194, comedy 
12187, short 
14857, comedy 
13618, short 
13977, documentary 
11333, comedy 
12377, comedy 
15810, short 
13418, documentary 
13808, comedy 
10801, short 
15734, drama 
10060, drama 
13337, drama 
12103, documentary 
14036, drama 
14926, short 
13061, short 
13362, documentary 
14326, documentary 
13875, comedy 
15927, comedy 
12602, short 
11438, drama 
14679, short 
13510, short 
11145, drama 
11140, documentary 
14564, documentary 
13032, comedy 
14226, comedy 
13340, documentary 
14406, documentary 
10856, comedy 
11675, documentary 
14133, short 
14065, drama 
14731, drama 
13851, short 
15632, documentary 
10923, drama 
11993, short 
10078, comedy 
12067, comedy 
14201, documentary 
11500, comedy 
11441, documentary 
15167, short 
15586, drama 
15315, comedy 
14107, drama 
15199, comedy 
10270, documentary 
12453, comedy 
15478, drama 
12413, short 
11217, documentary 
10578, short 
15506, comedy 
13632, drama 
11103, documentary 
13400, short 
13657, drama 
12966, drama 
12089, comedy 
12724, documentary 
14474, short 
13661, drama 
12307, documentary 
12084, documentary 
11747, comedy 
10888, comedy 
14700, drama 
13307, drama 
15297, drama 
12393, documentary 
11825, short 
14347, short 
10513, documentary 
15192, documentary 
12684, drama 
14899, documentary 
14816, comedy 
14989, comedy 
10898, comedy 
15743, comedy 
10269, drama 
13260, drama 
12117, drama 
13749, short 
11017, documentary 
13494, documentary 
11559, drama 
14385, drama 
15253, drama 
11760, documentary 
13450, comedy 
12542, comedy 
10155, documentary 
10703, comedy 
12409, documentary 
13165, drama 
10051, comedy 
13642, comedy 
15631, documentary 
11298, comedy 
11680, short 
13320, documentary 
12155, comedy 
14437, drama 
14366, short 
11802, drama 
13322, short 
11579, documentary 
15549, drama 
11135, drama 
10847, drama 
10224, comedy 
12007, comedy 
12927, documentary 
12564, documentary 
15394, short 
10529, short 
13880, drama 
15504, documentary 
11411, drama 
14906, comedy 
11661, documentary 
15437, drama 
15017, drama 
10881, documentary 
12057, documentary 
10349, comedy 
13187, documentary 
10129, drama 
15695, short 
15418, comedy 
10385, comedy 
12751, short 
15554, comedy 
12457, short 
13217, documentary 
15661, comedy 
14527, short 
12768, documentary 
10011, short 
10824, comedy 
13817, short 
14354, documentary 
10602, drama 
14515, short 
11728, documentary 
11676, drama 
14794, drama 
15232, documentary 
15908, documentary 
15929, comedy 
13249, documentary 
11688, documentary 
13248, drama 
14507, documentary 
13542, comedy 
14449, comedy 
15250, drama 
10079, comedy 
12371, comedy 
14111, comedy 
11952, short 
15710, short 
13838, documentary 
12111, drama 
15683, comedy 
11999, short 
13161, documentary 
15456, documentary 
13943, drama 
10864, drama 
12175, short 
15885, short 
12137, drama 
12594, comedy 
13783, comedy 
12047, comedy 
11388, drama 
11021, comedy 
12482, drama 
12853, documentary 
13968, short 
15043, drama 
15443, drama 
11296, documentary 
12830, documentary 
13668, comedy 
11458, short 
15558, drama 
10294, short 
14849, comedy 
12414, comedy 
13101, drama 
13327, comedy 
13084, comedy 
11405, documentary 
15416, comedy 
12897, comedy 
12993, documentary 
12533, documentary 
13688, drama 
10800, documentary 
15717, comedy 
15138, comedy 
11752, drama 
12219, documentary 
12048, short 
12190, drama 
15165, comedy 
12833, documentary 
10238, documentary 
10534, comedy 
13987, comedy 
15650, comedy 
12692, drama 
13527, drama 
14968, documentary 
13094, documentary 
15329, drama 
14629, drama 
15777, comedy 
14978, short 
12541, documentary 
11982, drama 
10380, documentary 
11323, documentary 
14900, comedy 
15067, drama 
12278, documentary 
15696, drama 
15405, drama 
13331, drama 
14653, short 
11939, drama 
11524, documentary 
12583, short 
12422, comedy 
15142, documentary 
12804, documentary 
10336, drama 
10267, documentary 
14455, short 
14970, drama 
12573, drama 
12869, comedy 
10912, documentary 
13130, documentary 
10432, comedy 
13462, drama 
13036, short 
11872, short 
10457, short 
14266, documentary 
12624, drama 
13573, drama 
14630, documentary 
14853, documentary 
11180, drama 
15971, documentary 
14299, drama 
10138, drama 
15816, documentary 
15370, short 
15461, drama 
11202, documentary 
13877, drama 
11304, drama 
15305, drama 
11653, drama 
15808, comedy 
10658, documentary 
13941, documentary 
15340, comedy 
10284, short 
14577, documentary 
10392, drama 
12816, short 
11679, comedy 
13854, drama 
13048, drama 
11406, short 
12623, documentary 
10031, documentary 
10050, drama 
11447, drama 
10741, drama 
13829, documentary 
11990, comedy 
13336, documentary 
13989, documentary 
13905, documentary 
13745, short 
14894, short 
11976, comedy 
13410, short 
11141, drama 
13844, short 
11331, drama 
13755, short 
15389, drama 
13724, comedy 
11236, drama 
10813, documentary 
12335, comedy 
14502, comedy 
12654, documentary 
10507, comedy 
15857, documentary 
15466, comedy 
13726, drama 
14126, short 
12537, documentary 
12367, drama 
11864, documentary 
12669, documentary 
12125, drama 
11544, drama 
13018, documentary 
14478, short 
14815, documentary 
12969, drama 
10768, documentary 
13236, documentary 
13493, documentary 
13148, comedy 
15837, comedy 
10140, documentary 
10283, comedy 
14014, short 
10902, documentary 
10687, comedy 
11873, drama 
11590, short 
11443, drama 
10048, documentary 
14236, documentary 
10670, drama 
12795, drama 
15219, documentary 
14338, drama 
12811, documentary 
12008, comedy 
12807, drama 
10149, comedy 
13522, comedy 
15938, documentary 
10828, comedy 
10884, drama 
14763, documentary 
10666, comedy 
12902, drama 
10866, comedy 
10918, documentary 
12715, short 
15058, documentary 
10596, comedy 
12551, comedy 
15700, short 
12663, documentary 
12959, drama 
15813, drama 
15434, comedy 
10361, drama 
10032, comedy 
15984, documentary 
11732, drama 
10981, documentary 
15920, short 
11997, documentary 
10791, drama 
14363, short 
14879, comedy 
14606, documentary 
13074, documentary 
10997, drama 
14260, documentary 
14953, comedy 
12491, comedy 
10593, drama 
13570, drama 
11711, documentary 
13479, drama 
15773, short 
13072, drama 
15605, comedy 
12734, documentary 
12119, short 
11540, short 
15889, short 
14498, short 
11986, drama 
13813, short 
12615, documentary 
11741, short 
15715, documentary 
15337, short 
12502, documentary 
11130, documentary 
11663, short 
12162, comedy 
13316, documentary 
15372, comedy 
15495, documentary 
15680, documentary 
10579, drama 
10807, drama 
12277, drama 
15819, documentary 
13933, short 
13529, documentary 
14641, documentary 
13481, drama 
11790, short 
15667, short 
11370, documentary 
12288, drama 
10905, drama 
13646, comedy 
13173, comedy 
14937, short 
15258, drama 
13539, drama 
12701, short 
10145, documentary 
15966, drama 
11337, short 
12428, short 
15753, short 
15962, short 
14958, comedy 
15572, drama 
10301, comedy 
15727, comedy 
12758, drama 
11757, documentary 
15585, drama 
14169, drama 
14687, comedy 
15582, drama 
12829, documentary 
15901, documentary 
15010, comedy 
14257, comedy 
12847, drama 
13193, short 
11560, short 
14804, comedy 
14828, documentary 
10472, documentary 
10860, comedy 
11691, drama 
12399, drama 
15976, documentary 
10732, short 
14387, documentary 
10190, documentary 
15897, comedy 
15507, comedy 
11934, documentary 
12018, documentary 
10842, short 
11490, comedy 
14428, comedy 
15448, drama 
14922, documentary 
13120, comedy 
10765, documentary 
13364, comedy 
15432, drama 
13919, comedy 
10755, short 
13717, comedy 
14513, short 
10913, comedy 
10501, documentary 
12118, drama 
14293, drama 
14064, documentary 
15670, documentary 
14346, documentary 
13317, drama 
13371, short 
12130, comedy 
11599, comedy 
12970, drama 
10084, documentary 
11959, short 
15127, documentary 
15137, drama 
10062, comedy 
14259, documentary 
10698, drama 
11573, comedy 
15784, drama 
14839, drama 
15761, drama 
10782, short 
10806, documentary 
11714, documentary 
14680, documentary 
11926, drama 
10147, documentary 
11644, documentary 
14650, documentary 
11946, short 
11053, documentary 
10470, comedy 
15931, drama 
13649, documentary 
14419, comedy 
14143, comedy 
12316, documentary 
12046, drama 
14466, drama 
10332, documentary 
10872, short 
11785, drama 
12855, documentary 
11309, drama 
14192, documentary 
10197, comedy 
13626, drama 
14284, comedy 
11146, comedy 
14723, documentary 
14053, short 
11587, comedy 
15409, comedy 
13572, short 
13946, short 
11521, short 
10177, comedy 
13742, comedy 
11828, comedy 
14038, documentary 
12562, drama 
14252, documentary 
12364, short 
15881, drama 
14024, comedy 
13773, documentary 
11710, short 
12810, short 
15068, documentary 
14829, comedy 
13103, documentary 
10022, documentary 
14770, comedy 
11906, drama 
15395, documentary 
12124, short 
13696, comedy 
13328, drama 
13330, drama 
10955, drama 
10234, documentary 
14861, comedy 
15403, drama 
15686, short 
14808, short 
13234, short 
13466, documentary 
11678, comedy 
13517, comedy 
10577, short 
11129, documentary 
12271, drama 
10438, drama 
11307, short 
11264, documentary 
11899, comedy 
10904, documentary 
13150, documentary 
14203, drama 
15049, comedy 
14032, short 
15560, short 
12301, short 
12585, comedy 
12083, drama 
10304, drama 
10959, documentary 
15077, drama 
10431, drama 
13732, documentary 
14587, comedy 
12662, documentary 
11737, comedy 
13157, comedy 
10205, comedy 
12086, drama 
13353, drama 
13716, drama 
12616, drama 
15987, documentary 
14896, short 
15326, short 
12528, short 
12716, short 
13928, short 
15515, comedy 
11332, comedy 
12001, comedy 
10852, short 
10695, drama 
10982, short 
15186, documentary 
14908, documentary 
14635, comedy 
13401, comedy 
12948, drama 
13686, documentary 
13100, drama 
10745, drama 
15113, short 
15391, comedy 
12514, documentary 
14807, comedy 
12943, drama 
14873, comedy 
14710, documentary 
15992, drama 
13284, drama 
11260, short 
15489, short 
12849, drama 
11726, drama 
11195, drama 
14758, drama 
12031, comedy 
14125, documentary 
10744, drama 
12342, drama 
10752, drama 
11897, documentary 
14992, comedy 
12506, comedy 
10885, comedy 
12686, documentary 
14281, comedy 
10763, drama 
12374, drama 
15502, comedy 
14917, documentary 
13820, comedy 
14237, comedy 
15208, documentary 
13264, short 
12444, drama 
12555, short 
10425, documentary 
13871, short 
10586, documentary 
12044, comedy 
15630, documentary 
11915, drama 
14228, documentary 
12746, documentary 
14553, comedy 
12646, comedy 
12325, documentary 
12711, documentary 
15838, short 
10475, documentary 
12866, drama 
12015, short 
14235, comedy 
14310, comedy 
10300, comedy 
15864, documentary 
14166, comedy 
13313, documentary 
10762, comedy 
11533, comedy 
10295, comedy 
12732, documentary 
11638, drama 
12986, documentary 
11777, documentary 
10896, documentary 
12398, comedy 
15925, comedy 
15429, drama 
12188, comedy 
11371, drama 
10233, documentary 
13252, comedy 
10056, drama 
13850, comedy 
10435, comedy 
13463, drama 
14952, comedy 
15573, drama 
14836, documentary 
10412, short 
11716, drama 
11290, comedy 
15374, drama 
10189, comedy 
15401, drama 
11093, documentary 
13947, short 
15087, documentary 
15383, drama 
10689, comedy 
14733, comedy 
11974, documentary 
10532, documentary 
13555, documentary 
14517, comedy 
13324, comedy 
10235, short 
12885, documentary 
15805, drama 
10520, comedy 
11334, drama 
13251, documentary 
15505, documentary 
11984, short 
11826, drama 
11513, documentary 
12217, documentary 
14145, drama 
15628, documentary 
12172, comedy 
10059, documentary 
10957, short 
13286, comedy 
10236, comedy 
14262, short 
11206, documentary 
15007, comedy 
10643, drama 
15263, comedy 
12012, documentary 
11503, documentary 
11400, comedy 
11592, comedy 
15741, comedy 
12934, comedy 
12071, comedy 
12819, documentary 
14352, drama 
11358, comedy 
13381, documentary 
12875, documentary 
12938, short 
13123, documentary 
14054, comedy 
15262, short 
15533, short 
11947, documentary 
12372, documentary 
15746, short 
11211, comedy 
15042, documentary 
12543, comedy 
15061, drama 
14757, documentary 
13108, documentary 
10160, comedy 
12027, drama 
13166, comedy 
11251, documentary 
12210, documentary 
14371, documentary 
11114, documentary 
13345, documentary 
10554, documentary 
13606, short 
11239, comedy 
11488, documentary 
12041, drama 
14826, documentary 
14742, comedy 
10779, drama 
11117, drama 
11831, short 
11113, documentary 
11914, drama 
14231, short 
13135, documentary 
12166, comedy 
15361, short 
12297, documentary 
12388, short 
11625, drama 
15497, drama 
13888, drama 
15038, drama 
14129, drama 
14560, documentary 
11126, short 
11057, drama 
11120, short 
14076, documentary 
11132, comedy 
12975, documentary 
15663, short 
13976, documentary 
10642, comedy 
15886, documentary 
13866, documentary 
13467, short 
13526, comedy 
10086, short 
10373, comedy 
10094, documentary 
15304, comedy 
11672, documentary 
10099, short 
12840, drama 
15785, drama 
10552, drama 
10533, documentary 
10116, documentary 
12369, documentary 
12518, documentary 
10488, drama 
11497, documentary 
14078, comedy 
13250, documentary 
12919, drama 
15078, short 
13433, short 
14341, short 
15032, comedy 
15552, comedy 
10427, documentary 
14177, comedy 
12256, documentary 
14189, drama 
12415, documentary 
10945, comedy 
15996, documentary 
12437, documentary 
13620, short 
15279, drama 
14424, drama 
11878, comedy 
13274, drama 
14370, short 
14110, short 
15685, short 
14882, drama 
11479, documentary 
10420, drama 
13692, drama 
15902, documentary 
11470, drama 
14535, comedy 
11056, drama 
13625, documentary 
15970, short 
14101, documentary 
12264, documentary 
13082, short 
12812, drama 
12644, documentary 
12560, comedy 
11012, documentary 
15159, comedy 
13599, short 
15890, documentary 
10871, short 
14686, comedy 
15905, documentary 
10296, comedy 
11000, comedy 
14322, comedy 
13580, drama 
13990, documentary 
12357, drama 
14772, short 
13435, comedy 
12784, documentary 
13720, comedy 
11614, drama 
12757, documentary 
12862, comedy 
11282, comedy 
11221, drama 
13708, drama 
14999, comedy 
13430, documentary 
15599, short 
15181, documentary 
10566, drama 
15603, comedy 
15789, drama 
13513, documentary 
15604, documentary 
11848, documentary 
11019, short 
15781, drama 
14155, drama 
14915, drama 
15397, short 
11725, short 
14949, documentary 
11608, short 
12200, short 
12106, documentary 
13461, short 
13584, documentary 
15973, comedy 
13996, comedy 
11170, documentary 
13053, comedy 
10065, short 
14924, documentary 
12860, drama 
11862, comedy 
11817, comedy 
11562, documentary 
15421, documentary 
13560, comedy 
13411, short 
11292, drama 
13118, short 
12304, short 
14578, comedy 
10092, documentary 
11086, comedy 
13862, documentary 
15255, short 
14313, short 
12729, drama 
11468, comedy 
12206, comedy 
10067, short 
12318, drama 
13803, drama 
14383, short 
13600, short 
11464, short 
14591, comedy 
12390, comedy 
12298, drama 
10418, short 
13259, comedy 
12141, comedy 
14161, drama 
11243, documentary 
14348, short 
12189, comedy 
11020, drama 
12143, short 
11943, drama 
15274, drama 
15490, drama 
14162, short 
15977, short 
10272, comedy 
11622, documentary 
12550, drama 
15641, drama 
12129, short 
14140, comedy 
15594, documentary 
12820, comedy 
12614, short 
15333, documentary 
12577, documentary 
10182, short 
14776, drama 
14659, short 
15035, drama 
12781, drama 
11108, documentary 
11665, comedy 
10430, drama 
12915, drama 
15848, documentary 
13188, short 
14871, documentary 
12979, comedy 
10257, documentary 
14131, drama 
11001, drama 
13788, short 
11618, documentary 
12049, short 
14592, short 
14194, documentary 
12433, documentary 
10725, drama 
10758, comedy 
12078, short 
12629, drama 
11183, documentary 
11342, documentary 
15069, short 
12494, comedy 
10260, documentary 
15126, documentary 
14897, short 
11504, drama 
15471, short 
14433, drama 
12075, drama 
12696, drama 
10337, comedy 
13047, comedy 
14648, documentary 
12731, short 
15957, comedy 
14657, comedy 
12312, drama 
15031, comedy 
10681, short 
11160, documentary 
10683, comedy 
10404, documentary 
10651, drama 
15790, documentary 
11987, documentary 
10465, comedy 
15825, drama 
10637, drama 
10774, documentary 
12354, short 
10135, short 
14028, documentary 
11572, short 
14416, comedy 
12578, short 
11317, short 
10874, short 
15215, drama 
13270, documentary 
13772, short 
15591, comedy 
14688, comedy 
13052, documentary 
15892, documentary 
14372, comedy 
13940, comedy 
14198, documentary 
12681, drama 
14726, drama 
11945, documentary 
11563, comedy 
12419, documentary 
13363, short 
14864, documentary 
11022, documentary 
12947, documentary 
15320, short 
14658, drama 
15983, drama 
10672, short 
13740, drama 
11409, documentary 
14950, documentary 
13707, short 
12294, drama 
12794, comedy 
15861, drama 
11205, documentary 
11112, drama 
15334, comedy 
10986, documentary 
12546, drama 
15744, short 
13404, drama 
11071, comedy 
10688, documentary 
14694, drama 
14418, short 
15344, short 
10691, comedy 
12935, drama 
14211, documentary 
14590, drama 
14471, short 
14885, comedy 
10491, drama 
14984, short 
13417, documentary 
12105, drama 
10085, comedy 
14411, short 
15029, drama 
15611, documentary 
12097, drama 
14254, short 
14954, drama 
15091, comedy 
12922, documentary 
12033, comedy 
11754, documentary 
15179, comedy 
11189, comedy 
13518, drama 
11372, comedy 
13800, documentary 
15221, comedy 
15665, drama 
11462, comedy 
10453, documentary 
10074, comedy 
14562, short 
12247, drama 
15958, documentary 
13306, drama 
13602, short 
13557, drama 
15393, comedy 
10600, drama 
15822, drama 
10776, short 
15883, short 
11377, documentary 
11380, comedy 
10215, drama 
13856, comedy 
12385, drama 
11957, documentary 
15618, documentary 
11588, documentary 
12990, drama 
10378, drama 
15452, drama 
10802, documentary 
10335, documentary 
11216, drama 
15293, documentary 
11375, comedy 
12255, drama 
11853, short 
15770, documentary 
15214, short 
10091, short 
14831, short 
14728, documentary 
10910, comedy 
10384, short 
11812, documentary 
11016, comedy 
15690, comedy 
10994, short 
14651, comedy 
15669, drama 
10256, documentary 
12218, short 
14781, short 
12971, documentary 
13588, short 
13795, drama 
13119, comedy 
14233, comedy 
13614, drama 
15555, short 
15462, drama 
10364, drama 
10317, documentary 
12337, comedy 
10171, drama 
12665, documentary 
10943, comedy 
13277, short 
10242, documentary 
12912, short 
12468, short 
10614, short 
13561, drama 
10808, documentary 
11715, short 
14022, documentary 
11979, short 
10207, comedy 
12500, documentary 
15270, drama 
13406, documentary 
15349, drama 
12527, documentary 
15545, drama 
11399, comedy 
13532, drama 
11589, drama 
12532, comedy 
11343, documentary 
14824, short 
15964, comedy 
11047, documentary 
13038, drama 
11241, comedy 
11960, drama 
14596, documentary 
13621, drama 
10845, drama 
14751, documentary 
15948, drama 
14438, comedy 
14395, short 
15102, short 
12737, documentary 
15286, comedy 
11222, short 
12611, comedy 
11062, comedy 
11849, drama 
10383, comedy 
11658, documentary 
10653, short 
12184, comedy 
10024, drama 
11510, comedy 
13226, comedy 
15904, comedy 
13840, drama 
14645, short 
14445, drama 
12987, documentary 
12471, drama 
15930, comedy 
10334, documentary 
14761, comedy 
13470, comedy 
11278, comedy 
12677, drama 
12837, comedy 
12293, drama 
13060, short 
12898, documentary 
13711, drama 
10775, short 
13832, documentary 
11167, short 
12707, documentary 
13201, drama 
12940, comedy 
15188, short 
14746, documentary 
15612, documentary 
15640, comedy 
13869, short 
14072, drama 
14762, documentary 
15360, documentary 
11006, documentary 
14396, documentary 
11913, comedy 
10012, short 
10352, comedy 
13149, documentary 
12334, drama 
10993, documentary 
12338, short 
11927, short 
10196, documentary 
11677, short 
14124, documentary 
10055, comedy 
10137, documentary 
12683, comedy 
12231, documentary 
12984, drama 
13309, documentary 
10841, short 
13203, drama 
13424, drama 
10843, short 
12685, documentary 
10718, short 
10742, comedy 
13409, documentary 
14987, documentary 
15454, documentary 
11775, comedy 
13847, drama 
10756, drama 
11771, documentary 
12375, documentary 
14819, comedy 
12003, documentary 
10198, drama 
11543, short 
14818, documentary 
12346, comedy 
14581, comedy 
10901, documentary 
10424, short 
13273, comedy 
14012, documentary 
13216, documentary 
10527, drama 
10053, short 
11485, short 
14280, documentary 
13116, documentary 
10796, drama 
10477, comedy 
12323, comedy 
15046, short 
13981, comedy 
11883, comedy 
10867, short 
10362, documentary 
14709, short 
15595, documentary 
12476, drama 
14971, drama 
12436, short 
14215, drama 
12708, drama 
13597, comedy 
11971, short 
11613, drama 
11854, documentary 
15210, drama 
13508, documentary 
15936, short 
11516, drama 
10203, comedy 
15658, documentary 
14649, short 
13083, documentary 
14446, documentary 
11751, drama 
15235, comedy 
15852, documentary 
15189, drama 
14928, documentary 
13903, short 
15622, documentary 
12163, drama 
12789, comedy 
10485, drama 
11857, drama 
13694, documentary 
12876, drama 
14183, short 
13058, comedy 
12327, documentary 
10415, comedy 
13595, comedy 
15519, documentary 
13169, comedy 
11279, documentary 
14961, documentary 
12269, documentary 
11285, comedy 
13086, short 
13357, documentary 
15415, drama 
14308, documentary 
13049, drama 
11671, comedy 
11992, drama 
11156, documentary 
11393, drama 
12895, drama 
14621, drama 
13792, short 
15913, comedy 
11627, documentary 
13445, comedy 
11493, short 
15522, comedy 
15075, short 
13750, comedy 
12004, comedy 
14996, documentary 
13156, short 
10462, short 
10998, documentary 
13145, short 
11900, drama 
13858, drama 
12092, short 
11895, drama 
13974, comedy 
15975, drama 
15716, comedy 
10877, short 
13825, comedy 
11953, short 
14139, comedy 
13471, documentary 
11196, documentary 
15893, comedy 
11568, short 
12953, short 
12522, comedy 
11328, drama 
10239, short 
14210, short 
11636, comedy 
13068, short 
12066, documentary 
12133, short 
14809, documentary 
12579, documentary 
12024, drama 
11529, drama 
10104, documentary 
10891, drama 
15745, drama 
10966, comedy 
15453, drama 
12857, drama 
11311, comedy 
11902, comedy 
11487, drama 
10035, drama 
15446, short 
15331, comedy 
12309, drama 
13227, short 
12056, documentary 
14689, short 
11988, short 
15969, documentary 
15923, short 
12164, documentary 
14153, documentary 
13013, comedy 
12666, short 
12439, comedy 
11855, comedy 
10569, drama 
14862, comedy 
11612, documentary 
14295, comedy 
12381, short 
15455, documentary 
14242, short 
15939, comedy 
15498, documentary 
15342, documentary 
15871, comedy 
12477, comedy 
11774, drama 
11586, drama 
14975, drama 
12832, comedy 
10399, drama 
14094, drama 
10716, documentary 
13451, documentary 
10069, short 
12475, documentary 
12836, short 
11832, short 
13787, drama 
12851, comedy 
14336, documentary 
13022, short 
11554, drama 
11079, drama 
10590, comedy 
12394, short 
15048, comedy 
12427, comedy 
13958, short 
15178, documentary 
12778, comedy 
10938, drama 
13629, short 
11534, drama 
11087, comedy 
15023, short 
14692, drama 
14734, short 
15713, comedy 
14869, comedy 
11042, comedy 
13318, short 
11198, short 
13615, documentary 
10958, comedy 
11577, drama 
14554, drama 
12791, drama 
12177, drama 
12472, comedy 
15319, comedy 
14141, documentary 
15438, comedy 
10583, comedy 
11649, documentary 
13237, comedy 
10125, short 
13721, drama 
15564, short 
12053, documentary 
11413, comedy 
13132, documentary 
13004, short 
11107, documentary 
10095, drama 
13887, comedy 
10057, comedy 
10388, documentary 
12596, comedy 
13443, drama 
10576, comedy 
10551, documentary 
13896, drama 
10620, documentary 
15990, documentary 
11800, documentary 
15877, drama 
13184, drama 
13575, short 
15720, comedy 
13325, drama 
13219, short 
15649, comedy 
11930, comedy 
13370, comedy 
13505, documentary 
10421, short 
13107, comedy 
11858, comedy 
14745, documentary 
13194, documentary 
12183, documentary 
10017, comedy 
15055, comedy 
10857, comedy 
13294, comedy 
13125, short 
13855, short 
15090, short 
10115, documentary 
10615, drama 
11740, documentary 
15511, documentary 
13725, short 
15318, comedy 
11507, comedy 
14151, documentary 
10538, documentary 
15655, drama 
13412, short 
15044, documentary 
15094, documentary 
14422, drama 
13266, comedy 
13356, documentary 
14947, short 
12165, comedy 
12352, comedy 
13349, drama 
14020, drama 
10494, documentary 
12076, documentary 
11610, drama 
10953, comedy 
13898, short 
13160, drama 
11838, drama 
11615, comedy 
10506, comedy 
11639, comedy 
12633, short 
11359, comedy 
10319, comedy 
15197, comedy 
14486, documentary 
10157, documentary 
14023, comedy 
15874, drama 
11446, documentary 
10836, documentary 
14716, documentary 
13833, comedy 
10252, drama 
13205, documentary 
10429, drama 
11162, documentary 
10204, documentary 
10983, comedy 
15900, comedy 
15718, documentary 
10497, documentary 
14467, comedy 
10667, documentary 
14787, drama 
10814, drama 
11668, short 
11694, documentary 
10785, drama 
10575, documentary 
14759, comedy 
13379, short 
13085, documentary 
12563, drama 
10075, documentary 
13906, documentary 
15989, short 
15130, drama 
15419, short 
11856, comedy 
10907, documentary 
13051, comedy 
13556, documentary 
12389, short 
12772, documentary 
12773, comedy 
14278, drama 
11404, drama 
11505, short 
14039, comedy 
11428, comedy 
11712, comedy 
15217, documentary 
10377, comedy 
13019, short 
15731, drama 
15025, short 
13140, drama 
11018, drama 
11875, short 
13902, short 
11522, documentary 
15855, short 
11894, comedy 
10929, short 
14005, documentary 
14618, drama 
15878, comedy 
14615, drama 
10869, documentary 
15759, documentary 
12779, drama 
12886, drama 
12917, comedy 
12100, documentary 
15009, short 
10677, comedy 
13756, short 
13860, documentary 
15652, comedy 
10466, comedy 
11185, comedy 
11703, drama 
10712, short 
12358, documentary 
11531, comedy 
13593, short 
10395, short 
14531, comedy 
13986, comedy 
12652, documentary 
13171, comedy 
10397, drama 
15027, drama 
11453, documentary 
14175, drama 
14217, documentary 
12786, documentary 
15760, documentary 
15243, documentary 
13104, comedy 
12788, drama 
10455, comedy 
13672, documentary 
10803, drama 
12998, comedy 
15979, comedy 
11660, documentary 
10016, short 
12260, documentary 
12222, comedy 
10416, comedy 
11362, comedy 
12136, documentary 
12699, drama 
12157, documentary 
10221, documentary 
10163, documentary 
11028, documentary 
11929, documentary 
14119, drama 
15884, comedy 
11604, comedy 
10519, drama 
10858, short 
15201, comedy 
15003, comedy 
12093, documentary 
13525, comedy 
14854, comedy 
10274, comedy 
14877, documentary 
12153, short 
13534, drama 
12674, documentary 
10865, drama 
13779, short 
10605, comedy 
11344, comedy 
10563, documentary 
11730, comedy 
15242, drama 
13257, comedy 
12039, comedy 
15818, drama 
10909, short 
10743, short 
13041, documentary 
11076, documentary 
10243, documentary 
11528, drama 
13569, comedy 
13702, drama 
10793, comedy 
11867, comedy 
14713, documentary 
12653, documentary 
13414, comedy 
10375, documentary 
11818, drama 
14795, comedy 
11659, documentary 
13425, comedy 
10232, documentary 
13272, drama 
13046, drama 
15364, documentary 
15265, drama 
12960, comedy 
12908, documentary 
11382, comedy 
11394, drama 
15275, documentary 
10426, documentary 
14965, documentary 
12068, documentary 
11600, comedy 
13142, documentary 
12884, documentary 
14865, drama 
12756, short 
13468, drama 
13662, short 
14097, comedy 
12572, documentary 
15225, drama 
15811, comedy 
14084, drama 
11163, drama 
13415, drama 
15072, drama 
13988, short 
10580, documentary 
10963, documentary 
14029, documentary 
10935, drama 
10634, documentary 
11014, short 
10648, drama 
12530, documentary 
10568, documentary 
13758, documentary 
11743, documentary 
14152, short 
14420, comedy 
10195, drama 
10299, documentary 
11058, documentary 
10525, short 
14976, comedy 
15666, documentary 
12000, comedy 
15858, drama 
12202, drama 
11207, documentary 
14930, comedy 
10479, short 
12994, drama 
13835, comedy 
10408, drama 
14413, short 
13289, comedy 
14490, drama 
14881, short 
15236, documentary 
10103, comedy 
12597, drama 
10706, drama 
15775, drama 
13002, comedy 
10917, comedy 
11095, documentary 
13660, documentary 
13598, documentary 
15963, documentary 
10041, drama 
15783, documentary 
13815, drama 
15915, short 
12386, short 
11977, comedy 
14158, comedy 
12881, comedy 
14608, short 
11863, comedy 
11065, drama 
11288, short 
12973, short 
14580, documentary 
13713, documentary 
13809, drama 
14121, short 
14607, documentary 
15751, drama 
15296, documentary 
10440, documentary 
11944, comedy 
15223, comedy 
12504, documentary 
12455, comedy 
15561, drama 
14552, short 
12467, drama 
14333, drama 
12664, comedy 
11066, documentary 
15793, documentary 
12568, comedy 
12490, comedy 
11031, drama 
13823, comedy 
15062, comedy 
11283, short 
12721, drama 
13841, drama 
11484, comedy 
13015, comedy 
11492, documentary 
12844, drama 
14546, short 
11616, documentary 
13366, drama 
13789, short 
14852, documentary 
15387, short 
10185, documentary 
15607, short 
12299, drama 
13342, documentary 
13077, short 
12719, documentary 
12193, comedy 
12310, documentary 
13954, comedy 
10459, comedy 
11005, drama 
14964, drama 
10636, drama 
12379, drama 
10830, drama 
14847, comedy 
11244, documentary 
11797, drama 
15806, documentary 
10638, drama 
13826, short 
10731, comedy 
15173, documentary 
15484, documentary 
13722, comedy 
15933, comedy 
11257, documentary 
11220, documentary 
10166, documentary 
14232, short 
15376, short 
12848, drama 
15287, short 
13222, drama 
10757, short 
11092, documentary 
15308, documentary 
14957, comedy 
12658, documentary 
12289, comedy 
14640, documentary 
13747, comedy 
15407, drama 
11780, drama 
12215, comedy 
14610, documentary 
11508, short 
12650, documentary 
12599, documentary 
15999, documentary 
10281, comedy 
12285, drama 
14678, drama 
11561, short 
10665, drama 
10036, drama 
15234, drama 
13477, comedy 
13535, drama 
14671, comedy 
12612, documentary 
13359, comedy 
12511, drama 
12102, short 
14180, comedy 
15500, short 
13200, documentary 
14253, comedy 
11786, comedy 
14868, short 
15941, drama 
14980, drama 
14239, comedy 
12306, documentary 
12284, comedy 
10641, comedy 
13818, documentary 
14530, drama 
15780, short 
13427, drama 
10030, drama 
10980, drama 
13211, documentary 
15086, documentary 
14576, comedy 
14019, short 
14489, documentary 
14595, drama 
14712, comedy 
13586, drama 
12101, documentary 
15615, documentary 
14468, drama 
11437, drama 
11539, documentary 
12964, documentary 
11868, short 
12828, documentary 
11353, short 
11882, drama 
12603, comedy 
10974, documentary 
13576, short 
14451, comedy 
11981, comedy 
15057, drama 
10975, short 
10668, documentary 
14493, drama 
14376, documentary 
10746, documentary 
13857, drama 
12878, short 
12879, short 
10753, comedy 
10628, documentary 
11340, short 
15548, comedy 
11483, comedy 
15681, short 
13985, documentary 
14325, comedy 
10944, short 
15273, drama 
12319, short 
11640, comedy 
10535, documentary 
15794, short 
15264, comedy 
13278, documentary 
14792, drama 
12925, documentary 
12151, documentary 
10567, short 
13770, comedy 
10393, documentary 
13452, drama 
12098, documentary 
12265, drama 
13473, comedy 
15096, comedy 
12955, short 
13630, documentary 
13334, short 
11115, documentary 
14307, documentary 
12796, short 
14736, documentary 
10967, drama 
10855, documentary 
13399, comedy 
13966, drama 
11762, documentary 
13241, short 
10101, short 
15906, comedy 
10081, comedy 
12600, drama 
10119, comedy 
14902, documentary 
12452, comedy 
10292, short 
15230, comedy 
12227, comedy 
11611, drama 
13924, documentary 
12745, comedy 
14944, documentary 
12341, drama 
10181, documentary 
10721, short 
14744, drama 
13321, short 
13402, documentary 
13487, documentary 
15321, documentary 
15517, short 
12556, drama 
10454, drama 
10253, short 
12421, drama 
12649, drama 
14465, short 
15439, comedy 
15642, documentary 
11366, short 
11701, short 
13308, drama 
13741, comedy 
11684, comedy 
14230, short 
11734, drama 
10544, documentary 
13948, comedy 
11784, comedy 
12937, comedy 
10443, drama 
15404, drama 
14973, documentary 
10819, documentary 
11267, short 
13297, documentary 
14887, short 
11686, short 
15037, comedy 
13419, drama 
14423, comedy 
15826, short 
10363, documentary 
15701, drama 
15012, drama 
12146, comedy 
15738, drama 
13699, short 
10311, comedy 
11294, comedy 
10692, documentary 
15993, drama 
15108, comedy 
10034, comedy 
13874, documentary 
11228, short 
15982, documentary 
15191, documentary 
11656, documentary 
10372, comedy 
15325, drama 
12760, drama 
11536, comedy 
13969, documentary 
15866, short 
14404, short 
12909, drama 
10523, comedy 
10351, drama 
13797, comedy 
10713, comedy 
15039, drama 
14096, short 
11235, comedy 
13594, drama 
12872, comedy 
14863, short 
10469, comedy 
15787, documentary 
10783, short 
11869, short 
13368, comedy 
13687, comedy 
12314, short 
14000, drama 
11905, comedy 
10483, short 
15053, drama 
10278, comedy 
12063, comedy 
12856, drama 
15833, comedy 
15260, short 
11931, documentary 
12408, documentary 
11645, short 
12693, comedy 
10326, documentary 
10924, comedy 
12376, drama 
15016, short 
13017, documentary 
13949, comedy 
15708, drama 
15922, comedy 
15312, drama 
13541, comedy 
15436, drama 
11924, documentary 
15171, drama 
13181, comedy 
13907, comedy 
15729, comedy 
13704, comedy 
11558, documentary 
13913, documentary 
11499, comedy 
14602, drama 
11719, comedy 
10639, drama 
11322, short 
12002, comedy 
11724, drama 
14204, documentary 
12977, drama 
15222, documentary 
11263, short 
12140, documentary 
14812, documentary 
12883, drama 
14569, comedy 
12397, drama 
13054, short 
13006, comedy 
15880, short 
14033, short 
15568, comedy 
11820, comedy 
15856, comedy 
10217, comedy 
12478, drama 
12525, documentary 
14959, comedy 
12592, short 
15141, comedy 
15817, documentary 
13961, comedy 
14582, comedy 
14431, drama 
13533, comedy 
13151, comedy 
13456, documentary 
15991, documentary 
13764, short 
13299, drama 
10508, short 
14342, documentary 
11414, drama 
13515, drama 
12894, documentary 
11082, drama 
15112, drama 
12088, comedy 
13959, drama 
13821, drama 
14536, documentary 
14752, documentary 
14866, short 
15145, short 
10131, comedy 
10482, short 
14042, documentary 
13846, short 
14276, documentary 
15481, documentary 
13591, documentary 
13253, short 
14355, comedy 
13656, comedy 
10414, short 
13670, documentary 
15444, documentary 
10118, comedy 
14205, comedy 
10371, drama 
12305, drama 
12332, short 
13315, comedy 
13528, comedy 
15841, drama 
14085, short 
14146, drama 
15699, documentary 
15873, documentary 
11166, drama 
10839, documentary 
13982, comedy 
11809, documentary 
10694, short 
10316, comedy 
11350, drama 
10883, documentary 
14496, documentary 
13175, comedy 
11238, documentary 
10557, comedy 
13204, short 
13766, drama 
12769, documentary 
15671, short 
15937, comedy 
13455, documentary 
14021, drama 
13574, documentary 
10254, documentary 
11125, documentary 
13983, comedy 
15099, drama 
11363, documentary 
12463, drama 
12171, drama 
12963, short 
10033, documentary 
13644, short 
14771, short 
11748, comedy 
10464, comedy 
15241, short 
14856, drama 
12631, documentary 
13261, short 
15375, comedy 
10298, documentary 
12443, documentary 
10162, documentary 
11963, short 
12019, drama 
11385, comedy 
12651, comedy 
13112, comedy 
11919, short 
12823, drama 
14774, comedy 
10546, drama 
10526, drama 
15914, drama 
14588, comedy 
14116, drama 
14156, short 
13090, drama 
12601, documentary 
13547, comedy 
12291, documentary 
14120, documentary 
13550, comedy 
11229, documentary 
15719, short 
15711, comedy 
13422, drama 
13816, drama 
14349, short 
12142, documentary 
12591, documentary 
14286, documentary 
11652, drama 
13705, documentary 
10275, short 
14414, comedy 
12006, drama 
13519, documentary 
15660, drama 
11565, comedy 
14102, short 
14775, drama 
13920, documentary 
11178, comedy 
15693, comedy 
10321, drama 
11511, comedy 
12638, comedy 
10037, comedy 
11297, short 
10960, comedy 
10391, documentary 
14224, drama 
15381, short 
13246, documentary 
15624, comedy 
12069, short 
10289, comedy 
12145, comedy 
12501, short 
10201, short 
10820, comedy 
10446, drama 
15015, comedy 
12911, drama 
13778, drama 
15725, drama 
14652, drama 
12131, documentary 
13281, comedy 
15059, documentary 
13037, drama 
12838, drama 
14529, drama 
10949, short 
10169, drama 
13879, comedy 
11796, short 
11118, drama 
15277, drama 
15335, drama 
13202, documentary 
11313, drama 
15524, comedy 
14901, drama 
10835, comedy 
13344, drama 
13737, short 
15377, drama 
11318, comedy 
10386, documentary 
11870, drama 
14860, drama 
14637, documentary 
14250, documentary 
14832, documentary 
12800, short 
11702, documentary 
13269, short 
11449, drama 
12565, short 
14801, drama 
15278, short 
10042, documentary 
15083, drama 
13407, short 
13183, comedy 
14940, short 
11821, drama 
10715, documentary 
10676, documentary 
12272, drama 
13096, documentary 
12929, drama 
10919, comedy 
15316, drama 
10231, drama 
12974, comedy 
14061, drama 
10495, drama 
14207, short 
13091, comedy 
14010, documentary 
11077, comedy 
11995, comedy 
10402, short 
14542, comedy 
10581, drama 
10039, documentary 
10183, short 
10077, documentary 
10179, drama 
13001, short 
10964, documentary 
10979, documentary 
11628, comedy 
15362, short 
15535, comedy 
10680, short 
11912, comedy 
10861, comedy 
10549, short 
14265, short 
14400, drama 
14565, comedy 
13993, comedy 
10279, drama 
12743, short 
14825, drama 
12205, comedy 
10240, drama 
11654, comedy 
11910, documentary 
10818, documentary 
14705, documentary 
11084, short 
14398, documentary 
15240, short 
14934, short 
12322, drama 
10006, drama 
12617, drama 
12698, short 
15224, documentary 
13782, drama 
10486, drama 
10973, short 
10333, drama 
14827, documentary 
15674, comedy 
13786, drama 
10903, documentary 
11674, documentary 
12109, comedy 
15830, short 
12161, comedy 
11045, drama 
12326, drama 
15164, short 
11164, documentary 
15694, drama 
14412, documentary 
11598, comedy 
14523, comedy 
11629, documentary 
15195, drama 
14340, comedy 
14617, comedy 
12054, short 
12741, drama 
11234, documentary 
15739, drama 
12495, drama 
15103, comedy 
13177, short 
10770, documentary 
12135, comedy 
14178, drama 
11657, short 
13030, drama 
11075, documentary 
10737, comedy 
15917, drama 
15379, drama 
14149, short 
13129, short 
11839, short 
15513, documentary 
13335, drama 
14229, short 
11937, drama 
10844, documentary 
14332, drama 
12957, comedy 
14579, documentary 
13447, documentary 
14691, documentary 
10977, drama 
13115, comedy 
13723, short 
14872, documentary 
13681, documentary 
13524, short 
13323, comedy 
13042, comedy 
14858, comedy 
13731, short 
10467, short 
13676, drama 
10995, documentary 
13784, short 
12702, comedy 
14939, documentary 
15951, documentary 
11491, comedy 
11620, drama 
13852, short 
14249, drama 
13109, documentary 
12403, comedy 
10220, documentary 
14806, short 
11231, documentary 
10262, documentary 
10996, short 
13774, comedy 
12331, short 
11052, comedy 
12867, comedy 
13489, short 
13882, documentary 
15945, documentary 
15949, comedy 
12201, comedy 
15414, drama 
12373, documentary 
15093, comedy 
13785, documentary 
12207, drama 
11908, short 
10350, documentary 
11455, drama 
15539, comedy 
12923, documentary 
15926, drama 
14458, comedy 
14460, comedy 
14848, comedy 
10109, documentary 
14702, drama 
13247, documentary 
14070, comedy 
12290, drama 
10290, drama 
10750, drama 
12123, comedy 
13192, comedy 
10589, drama 
10174, comedy 
12749, comedy 
10788, documentary 
14269, comedy 
15146, drama 
14737, documentary 
13243, documentary 
14350, documentary 
12243, short 
11266, short 
13842, short 
12340, documentary 
12818, drama 
12695, comedy 
15634, short 
15480, drama 
13474, short 
13727, short 
14118, short 
14919, short 
15369, comedy 
11530, short 
14654, documentary 
13812, documentary 
14910, documentary 
10826, short 
10988, documentary 
11151, documentary 
11781, drama 
10832, short 
12803, documentary 
10370, documentary 
10613, documentary 
11352, comedy 
14695, comedy 
15365, drama 
11423, drama 
14519, drama 
15213, documentary 
14504, comedy 
12548, comedy 
11199, comedy 
11700, documentary 
13718, drama 
13697, drama 
15291, comedy 
10736, short 
11009, comedy 
10984, short 
13886, documentary 
11643, comedy 
14911, comedy 
11192, drama 
10490, comedy 
10005, short 
11448, drama 
12630, short 
15080, comedy 
11033, drama 
12473, short 
12557, comedy 
14071, drama 
12941, drama 
13900, comedy 
14047, drama 
10892, comedy 
12962, documentary 
10216, drama 
12787, drama 
14292, comedy 
14163, comedy 
11444, comedy 
11026, drama 
15180, documentary 
14117, documentary 
13238, documentary 
11811, documentary 
10007, short 
11102, comedy 
13423, drama 
11310, comedy 
10999, comedy 
12965, comedy 
12747, comedy 
13884, drama 
13503, comedy 
14283, comedy 
14202, comedy 
10241, drama 
12017, documentary 
15410, drama 
12493, documentary 
10368, short 
15814, comedy 
12401, drama 
10076, short 
10444, comedy 
12620, short 
15947, short 
14469, drama 
11233, documentary 
15950, drama 
15358, comedy 
11039, drama 
12037, documentary 
13999, drama 
10044, short 
15013, comedy 
15574, documentary 
11555, documentary 
15577, documentary 
15271, short 
15862, drama 
11623, drama 
14108, comedy 
11766, comedy 
10288, documentary 
14397, short 
12981, comedy 
13592, comedy 
10623, drama 
14288, comedy 
11991, drama 
14105, documentary 
15482, short 
10720, short 
12095, documentary 
12714, documentary 
14394, short 
15163, comedy 
13133, short 
13578, drama 
12988, drama 
13305, drama 
10585, short 
14843, documentary 
11286, documentary 
14223, comedy 
13673, documentary 
15859, drama 
13667, short 
12762, comedy 
13448, short 
13486, documentary 
15328, documentary 
11692, documentary 
11495, documentary 
15792, comedy 
11436, documentary 
14275, comedy 
13346, documentary 
14159, drama 
14240, comedy 
15959, documentary 
11575, comedy 
14058, drama 
11860, documentary 
14317, documentary 
12383, documentary 
11593, documentary 
10471, comedy 
13918, documentary 
10178, documentary 
15954, short 
11933, short 
15798, drama 
13067, short 
10194, drama 
10407, drama 
12113, short 
12954, comedy 
14830, comedy 
10046, documentary 
10339, comedy 
10618, drama 
11421, documentary 
11159, short 
12852, short 
10463, comedy 
14388, comedy 
10406, drama 
10186, comedy 
11526, short 
11324, drama 
11481, drama 
13028, short 
14884, documentary 
14838, drama 
13031, short 
12910, comedy 
10930, drama 
14123, short 
13504, documentary 
13762, drama 
10328, drama 
10661, comedy 
10302, short 
15860, documentary 
13911, documentary 
10505, short 
12013, short 
11973, documentary 
10714, comedy 
13571, drama 
12169, short 
14722, short 
10795, comedy 
11955, drama 
11227, comedy 
10787, comedy 
14623, short 
10594, drama 
11473, documentary 
14264, drama 
10379, drama 
13927, comedy 
10773, documentary 
10451, short 
14753, documentary 
11119, comedy 
11847, drama 
13637, comedy 
11859, documentary 
12460, documentary 
14439, drama 
12609, short 
14367, comedy 
13804, documentary 
10656, short 
12913, documentary 
15301, drama 
11938, comedy 
14193, comedy 
11287, short 
15613, comedy 
13162, drama 
13733, documentary 
11357, comedy 
13373, short 
12958, comedy 
15994, comedy 
12167, documentary 
10225, documentary 
12258, documentary 
15592, comedy 
11320, comedy 
12520, drama 
13975, documentary 
12567, short 
15491, documentary 
13997, documentary 
14791, documentary 
15306, documentary 
15617, comedy 
15924, comedy 
11798, documentary 
10226, documentary 
15601, drama 
15626, drama 
12891, documentary 
12448, short 
10565, comedy 
10679, comedy 
15285, drama 
10734, documentary 
13916, short 
15249, comedy 
14931, comedy 
15714, comedy 
13950, drama 
15350, comedy 
10214, documentary 
12203, short 
15998, comedy 
14951, short 
10664, drama 
10461, short 
14524, drama 
15928, documentary 
14697, documentary 
10916, documentary 
10265, drama 
12270, comedy 
14537, documentary 
11753, comedy 
11383, short 
12099, comedy 
10090, comedy 
11759, comedy 
11038, short 
10143, drama 
15943, short 
12801, documentary 
13144, comedy 
10002, comedy 
12348, documentary 
12330, documentary 
15386, drama 
13231, short 
15021, documentary 
15722, documentary 
13831, drama 
10805, drama 
15656, comedy 
10268, drama 
11923, short 
13814, documentary 
10766, short 
10484, drama 
14870, documentary 
13009, drama 
13050, documentary 
13442, documentary 
11050, documentary 
10809, documentary 
12587, drama 
13207, short 
15709, short 
14434, short 
14062, comedy 
15254, drama 
12230, documentary 
14662, drama 
11194, short 
12892, comedy 
15869, short 
15756, short 
15384, short 
10582, documentary 
10784, comedy 
11972, comedy 
